"1.csv","10.csv","11.csv","12.csv","13.csv","14.csv","15.csv","16.csv","17.csv","18.csv","19.csv","2.csv","20.csv","21.csv","22.csv","23.csv","24.csv","25.csv","26.csv","27.csv","28.csv","29.csv","3.csv","30.csv","31.csv","32.csv","33.csv","34.csv","35.csv","36.csv","37.csv","38.csv","39.csv","4.csv","40.csv","41.csv","42.csv","43.csv","44.csv","45.csv","46.csv","47.csv","48.csv","49.csv","5.csv","50.csv","51.csv","52.csv","53.csv","54.csv","55.csv","56.csv","57.csv","58.csv","59.csv","6.csv","60.csv","7.csv","8.csv","9.csv"
"-0.13068","0.16891","0.021433","-0.02491","0.12114","-0.14473","0.12669","-0.082795","0.0057066","-0.015846","0.16144","-0.048023","-0.069835","-0.14152","0.037553","-0.35566","0.10944","-0.18736","0.045155","-0.32485","0.12277","-0.1043","0.15837","-0.22081","0.074497","-0.097053","-0.10663","0.020385","0.091413","0.034462","0.0047272","0.11729","0.056437","0.046874","-0.078652","-0.0031085","-0.13217","-0.15314","-0.27803","-0.10603","-0.11333","-0.060403","-0.0016773","-0.37633","-0.042759","-0.038596","-0.14908","-0.037833","-0.047616","-0.045873","-0.20859","-0.1505","-0.055322","-0.043452","-0.084837","0","0","0","0","0"
"-0.1304","-0.045676","-0.14478","-0.12965","-0.19796","0.066261","-0.14419","0.21503","0.05787","-0.10061","0.0061365","-0.22251","-0.11728","-0.022031","-0.045186","-0.054813","-0.029841","0.096551","0.1369","-0.11709","0.029605","-0.066999","0.19341","-0.10171","0.14507","0.0037501","-0.24335","-0.060006","-0.075502","0.19177","0.025553","-0.19913","0.025777","-0.017752","-0.0063368","-0.080689","0.094514","0.017462","-0.16146","-0.081799","-0.25846","0.13367","0.11298","0.24016","0.23922","-0.032104","-0.098396","-0.049155","0.057627","0.198","0.16026","0.083361","-0.14648","0.085192","0.062354","0.30429","-0.074826","-0.033844","0.024727","0.071371"
"-0.11421","0.15824","-0.029702","-0.18313","-0.13832","-0.055919","-0.20308","-0.49086","0.087697","0.019226","-0.21018","0.12288","-0.041224","-0.0038942","-0.18239","0.26921","-0.027889","-0.058612","-0.12963","-0.051422","0.0046752","0.013337","0.047778","-0.151","0.067157","-0.07461","-0.096428","0.11653","0.20826","0.073506","0.045734","-0.10149","0.025909","-0.02616","0.083577","-0.065419","0.12322","-0.22743","-0.027905","-0.083418","0.066134","-0.061679","0.051892","-0.058781","-0.074151","-0.13543","0.072258","-0.012165","-0.12871","-0.20157","0.19129","0.034987","0.12563","0.061283","0.14901","0.10997","0.019458","0.017216","0.15527","0.027716"
