"1.csv","10.csv","11.csv","12.csv","13.csv","14.csv","15.csv","16.csv","17.csv","18.csv","19.csv","2.csv","20.csv","21.csv","22.csv","23.csv","24.csv","25.csv","26.csv","27.csv","28.csv","29.csv","3.csv","30.csv","31.csv","32.csv","33.csv","34.csv","35.csv","36.csv","37.csv","38.csv","39.csv","4.csv","40.csv","41.csv","42.csv","43.csv","44.csv","45.csv","46.csv","47.csv","48.csv","49.csv","5.csv","50.csv","51.csv","52.csv","53.csv","54.csv","55.csv","56.csv","57.csv","58.csv","59.csv","6.csv","60.csv","7.csv","8.csv","9.csv"
"-0.13402","0.17436","0.053425","-0.033206","0.10226","-0.001825","0.079931","-0.11529","0.058936","-0.015134","0.24431","-0.010927","0.23221","-0.12418","0.1408","-0.12564","0.019431","-0.3168","0.0094382","-0.11738","0.13502","-0.050524","0.03502","-0.017866","0.059721","0.0081814","0.016644","-0.016637","0.032399","0.0046107","-0.068398","-0.0069496","-0.061976","0.14104","0.13493","0.20931","-0.40084","-0.077003","-0.1554","-0.047397","0.18231","0.21528","0.28532","0.063218","0.048785","0.012935","0.030137","0.10735","0.19476","0.018287","0.11104","0.089813","0.018763","0.21","0.00907","0.050902","0.12532","0.07449","0.097937","0.082536"
"-0.13952","-0.12389","0.15547","0.14641","0.1515","0.1228","-0.02067","0.081641","0.035315","-0.03633","0.066144","-0.032561","0.026214","0.17152","0.14413","0.0099222","0.11537","0.042254","-0.063001","0.21356","-0.12836","0.0349","-0.068957","0.056904","0.14427","-0.1234","0.16221","-0.05395","-0.078213","-0.081803","0.18532","0.092912","-0.07056","-0.077184","0.074916","0.11321","-0.090553","0.14147","-0.070067","0.21962","0.17073","0.13589","-0.27448","0.075151","0.032653","0.37586","-0.058447","0.12836","-0.056688","-0.12355","-0.24269","-0.060436","0.052956","0.088418","0.22658","0.20794","-0.076894","-0.055871","0.080035","-0.029036"
"-0.10424","0.14221","0.1331","-0.055343","-0.16837","-0.14538","-0.033474","0.40114","-0.059033","0.10168","0.16333","-0.1379","0.040182","-0.24319","-0.17866","-0.12984","0.074346","0.089819","0.059676","-0.21272","-0.077993","-0.081257","0.26797","0.010156","-0.051043","-0.14708","-0.0012941","-0.07488","0.022806","0.1007","0.051822","0.068437","0.022805","-0.2535","-0.064937","-0.040726","0.11173","0.18309","-0.079183","-0.14303","0.02084","0.31856","-0.06478","-0.059529","-0.073931","0.10213","-0.18063","-0.16222","0.00064665","-0.011285","0.09844","0.050104","0.0134","-0.035114","0.089168","0.070696","0.093033","-0.066942","-0.0023283","0.070423"
