"1.csv","10.csv","11.csv","12.csv","13.csv","14.csv","15.csv","16.csv","17.csv","18.csv","19.csv","2.csv","20.csv","21.csv","22.csv","23.csv","24.csv","25.csv","26.csv","27.csv","28.csv","29.csv","3.csv","30.csv","31.csv","32.csv","33.csv","34.csv","35.csv","36.csv","37.csv","38.csv","39.csv","4.csv","40.csv","41.csv","42.csv","43.csv","44.csv","45.csv","46.csv","47.csv","48.csv","49.csv","5.csv","50.csv","51.csv","52.csv","53.csv","54.csv","55.csv","56.csv","57.csv","58.csv","59.csv","6.csv","60.csv","7.csv","8.csv","9.csv"
"0.075742","0.016086","0.10498","-0.10641","0.0044055","0.074387","-0.13608","-0.052208","0.1567","0.13057","0.10031","0.049598","-0.16232","-0.14814","-0.052784","-0.054564","-0.032345","-0.14288","-0.0094866","-0.15824","-0.066787","-0.14905","0.21219","-0.16992","-0.044325","0.20965","0.21875","0.040431","0.21618","0.13092","0.19888","0.21176","0.18951","0.17962","0.21361","0.021983","0.035807","-0.015701","0.20904","-0.034666","0.19508","0.1507","0.17896","0.14193","0.0079999","0.18753","-0.041096","0.011436","-0.045117","-0.12192","-0.13821","0.072129","-0.0038278","-0.04749","-0.010736","0.21606","-0.02095","0.031144","0.01412","0.20798"
"0.18408","0.23438","-0.17023","0.059546","0.23135","0.090134","0.035163","0.035068","0.027208","0.10344","0.08065","0.232","0.04613","0.029008","0.20431","0.18404","-0.12915","0.046048","0.22402","0.038884","0.23181","0.043504","0.0046063","0.076978","0.21119","0.029483","0.02511","-0.117","-0.0022145","0.053819","0.021794","0.015195","0.016641","0.020753","0.044053","0.24223","-0.13827","-0.014497","0.041779","0.22101","-0.037059","0.056204","0.02489","0.065672","0.23227","-0.0066143","-0.10282","-0.033061","0.20232","0.090001","0.014974","0.065308","-0.11187","0.17975","-0.14807","0.0035674","-0.15592","0.24284","0.24117","0.025034"
"-0.026455","0.06919","0.13728","0.19465","0.083476","-0.023662","0.031744","0.17966","0.15753","0.17465","0.1858","0.042762","0.037603","0.082616","-0.098431","-0.067248","0.23656","0.20347","0.06101","0.20462","-0.026062","0.1963","0.004228","0.024934","0.099735","0.068711","0.029605","-0.081305","0.021688","-0.13616","0.067924","0.035244","0.058641","0.11164","0.045312","0.054468","0.27854","0.12818","0.057923","0.058145","-0.0031406","-0.19366","0.12692","-0.16997","0.093737","0.087183","0.029351","0.18535","0.058582","0.1144","0.12314","0.097309","0.30548","-0.09632","0.24163","0.046906","0.27655","0.054561","0.092377","0.0701"
