"1.csv","10.csv","11.csv","12.csv","13.csv","14.csv","15.csv","16.csv","17.csv","18.csv","19.csv","2.csv","20.csv","21.csv","22.csv","23.csv","24.csv","25.csv","26.csv","27.csv","28.csv","29.csv","3.csv","30.csv","31.csv","32.csv","33.csv","34.csv","35.csv","36.csv","37.csv","38.csv","39.csv","4.csv","40.csv","41.csv","42.csv","43.csv","44.csv","45.csv","46.csv","47.csv","48.csv","49.csv","5.csv","50.csv","51.csv","52.csv","53.csv","54.csv","55.csv","56.csv","57.csv","58.csv","59.csv","6.csv","60.csv","7.csv","8.csv","9.csv"
"0.013888","-0.0444","0.16563","-0.039267","-0.0039105","0.071623","-0.10679","-0.019757","0.14559","0.086223","0.10462","-0.0039721","-0.15759","-0.11346","-0.14096","-0.12721","0.05993","-0.10653","-0.065439","-0.11765","-0.13855","-0.10661","0.20647","-0.16292","-0.082433","0.010955","0.19536","0.17194","0.18528","0.14974","0.15364","0.18091","0.15369","0.20327","0.18606","-0.044107","0.13901","0.0015038","0.16981","-0.079475","0.21144","0.20224","0.19291","0.19443","-0.047203","0.21879","0.11105","0.051319","-0.078469","-0.08664","-0.11038","0.042463","0.071817","-0.12841","0.077619","0.19831","0.078972","-0.052041","-0.050075","0.174"
"0.14625","0.21368","0.0063473","0.15322","0.18859","0.091285","0.070498","0.1302","0.096495","0.15747","0.14019","0.1814","0.095834","0.083717","0.13538","0.11437","0.069584","0.16757","0.19255","0.16947","0.1696","0.13129","0.067826","0.13889","0.20605","-0.10517","0.06345","0.0086232","0.076216","0.076461","0.11041","0.079776","0.096513","0.067262","0.08788","0.21517","0.065068","0.12421","0.10572","0.20433","0.047756","0.064781","0.06998","0.067207","0.2122","0.047683","0.058679","0.11227","0.2089","0.15599","0.17135","0.090398","0.082758","0.1289","0.047359","0.068852","0.080757","0.19979","0.20391","0.096166"
"-0.2491","-0.072891","0.039867","-0.0026695","-0.078701","0.05181","-0.034511","-0.061827","0.11444","-0.028279","0.040671","-0.28383","0.044094","0.074099","-0.066648","0.031278","0.25257","0.10881","-0.0382","0.10505","-0.021236","0.1502","-0.039698","-0.0030445","0.018368","-0.15502","-0.11084","0.083029","0.04608","0.098617","0.091237","-0.061327","0.12186","-0.082017","-0.12706","-0.11729","0.16448","0.05331","-0.10853","-0.027513","-0.036107","-0.03063","-0.088315","-0.079924","-0.11521","-0.10922","0.30017","0.15462","0.0092081","0.09956","0.13579","0.15023","0.23777","0.043517","0.35465","-0.091318","0.30429","-0.15687","-0.074275","-0.11027"
