"1.csv","10.csv","11.csv","12.csv","13.csv","14.csv","15.csv","16.csv","17.csv","18.csv","19.csv","2.csv","20.csv","21.csv","22.csv","23.csv","24.csv","25.csv","26.csv","27.csv","28.csv","29.csv","3.csv","30.csv","31.csv","32.csv","33.csv","34.csv","35.csv","36.csv","37.csv","38.csv","39.csv","4.csv","40.csv","41.csv","42.csv","43.csv","44.csv","45.csv","46.csv","47.csv","48.csv","49.csv","5.csv","50.csv","51.csv","52.csv","53.csv","54.csv","55.csv","56.csv","57.csv","58.csv","59.csv","6.csv","60.csv","7.csv","8.csv","9.csv"
"-0.024148","-0.055512","0.14674","-0.065247","-0.044736","0.084311","-0.13757","-0.054254","0.16125","0.10465","0.08721","-0.029479","-0.1564","-0.13577","-0.11735","-0.12985","0.093132","-0.11453","-0.072864","-0.1329","-0.14556","-0.1135","0.19563","-0.14418","-0.07236","0.15306","0.15318","0.14719","0.17972","0.16406","0.16243","0.17818","0.15864","0.19735","0.14467","-0.041193","0.13274","-0.02622","0.14766","-0.067458","0.20036","0.20551","0.18215","0.18346","-0.041675","0.19135","0.1342","0.058959","-0.065118","-0.095273","-0.10692","0.06769","0.076088","-0.12851","0.10639","0.18681","0.10611","-0.05442","-0.048165","0.19165"
"0.25292","0.25084","-0.11042","0.098341","0.22334","0.068379","0.0021414","0.087151","0.088913","0.14419","0.13545","0.24238","0.020991","0.010146","0.15697","0.11117","-0.086213","0.028033","0.2134","0.024027","0.1103","0.012686","0.08748","0.080316","0.18907","0.06839","0.10085","-0.10316","0.090149","0.040771","0.093204","0.12765","0.091002","0.09328","0.12262","0.24392","-0.064876","0.071435","0.12311","0.19668","0.094409","0.090735","0.066857","0.066938","0.24631","0.077621","-0.089469","0.052999","0.21737","0.14809","0.054162","0.037288","-0.023132","0.11619","-0.11815","0.086028","-0.061167","0.22569","0.19185","0.10166"
"-0.018915","0.068366","0.23435","0.22419","0.11635","-0.047871","0.04962","0.23883","0.0078892","0.081884","0.092603","0.036257","0.067958","0.1073","-0.17","-0.18755","0.15323","0.24939","0.044132","0.27442","-0.073883","0.23181","-0.050854","-0.10839","0.030693","0.028797","0.023285","0.22106","-0.037875","0.00017012","-0.024191","-0.046856","0.01746","-0.076478","0.018695","0.094357","0.2272","0.22512","0.087581","0.043488","-0.10105","-0.059821","0.007241","0.015833","0.11598","-0.075392","0.16265","-0.042124","-0.027557","-0.098602","0.23517","-0.12825","0.1903","-0.20096","0.13241","-0.041272","0.19141","0.030624","0.14137","-0.037172"
