"1.csv","10.csv","11.csv","12.csv","13.csv","14.csv","15.csv","16.csv","17.csv","18.csv","19.csv","2.csv","20.csv","21.csv","22.csv","23.csv","24.csv","25.csv","26.csv","27.csv","28.csv","29.csv","3.csv","30.csv","31.csv","32.csv","33.csv","34.csv","35.csv","36.csv","37.csv","38.csv","39.csv","4.csv","40.csv","41.csv","42.csv","43.csv","44.csv","45.csv","46.csv","47.csv","48.csv","49.csv","5.csv","50.csv","51.csv","52.csv","53.csv","54.csv","55.csv","56.csv","57.csv","58.csv","59.csv","6.csv","60.csv","7.csv","8.csv","9.csv"
"0.1005","0.041296","0.090494","-0.08915","0.046533","0.089952","-0.12684","-0.044698","0.15725","0.1246","0.1106","0.08482","-0.1616","-0.13908","-0.039937","-0.038525","-0.064493","-0.14249","0.013663","-0.16153","-0.052653","-0.14906","0.21268","-0.17141","-0.023278","0.058589","0.22613","0.038967","0.21752","0.13536","0.19565","0.21182","0.18737","0.18964","0.22471","0.049346","0.02182","-0.011084","0.21045","-0.0095041","0.20175","0.16904","0.1892","0.15413","0.029104","0.20178","-0.049871","0.0016809","-0.025633","-0.094159","-0.14575","0.064915","-0.026423","-0.034548","-0.036316","0.2224","-0.055824","0.056757","0.043791","0.20487"
"0.14299","0.23146","-0.16928","0.067649","0.2043","0.08252","0.042748","0.037067","0.045593","0.14187","0.10767","0.20509","0.073497","0.049487","0.21977","0.20181","-0.05426","0.090999","0.22607","0.078232","0.24987","0.081759","-0.017988","0.11856","0.22989","0.011942","0.00045515","-0.14965","-0.029193","0.027874","0.037378","0.011853","0.018299","0.018861","0.023261","0.24127","-0.097461","-0.021443","0.038323","0.22769","-0.061687","0.0028832","0.014969","0.023017","0.23303","-0.025425","-0.085649","0.033723","0.2265","0.12398","0.051167","0.10266","-0.051679","0.2059","-0.089739","-0.013652","-0.086519","0.22104","0.23685","0.038414"
"-0.030509","0.050944","0.17844","0.21144","0.06601","-0.019938","0.032693","0.21071","0.14442","0.13555","0.15688","0.016052","0.041479","0.084299","-0.12742","-0.10148","0.24995","0.20873","0.020329","0.21206","-0.073465","0.19509","0.027137","0.0061465","0.061943","-0.0079889","0.036035","0.040157","0.02828","-0.093061","0.081509","0.042613","0.063809","0.11035","0.054209","0.030245","0.29771","0.17533","0.060797","0.016041","0.01804","-0.12672","0.11196","-0.10445","0.070132","0.088861","0.11976","0.16532","0.027841","0.07911","0.15207","0.059719","0.30905","-0.12904","0.25037","0.051076","0.30149","0.018262","0.05175","0.083736"
