"1.csv","10.csv","11.csv","12.csv","13.csv","14.csv","15.csv","16.csv","17.csv","18.csv","19.csv","2.csv","20.csv","21.csv","22.csv","23.csv","24.csv","25.csv","26.csv","27.csv","28.csv","29.csv","3.csv","30.csv","31.csv","32.csv","33.csv","34.csv","35.csv","36.csv","37.csv","38.csv","39.csv","4.csv","40.csv","41.csv","42.csv","43.csv","44.csv","45.csv","46.csv","47.csv","48.csv","49.csv","5.csv","50.csv","51.csv","52.csv","53.csv","54.csv","55.csv","56.csv","57.csv","58.csv","59.csv","6.csv","60.csv","7.csv","8.csv","9.csv"
"0.12038","0.053581","0.11386","-0.040814","0.090495","0.072256","-0.085027","-0.0088924","0.18074","0.14834","0.1394","0.079207","-0.10209","-0.10126","-0.011278","-0.012123","0.027475","-0.056942","0.055937","-0.10584","-0.015315","-0.078655","0.22578","-0.12792","-0.0065842","0.22412","0.22114","0.025711","0.23098","0.13104","0.21006","0.22562","0.215","0.18579","0.22078","0.05633","0.092922","0.052186","0.2177","0.007262","0.20452","0.13098","0.1964","0.12461","0.056064","0.191","-0.020592","0.055699","0.011281","-0.06978","-0.074055","0.11408","0.04541","-0.0014936","0.053392","0.22489","0.025997","0.072495","0.07194","0.22515"
"0.10637","0.19137","-0.23385","-0.038298","0.19686","0.064546","0.028948","0.022904","0.053929","0.1212","0.086596","0.2193","0.051778","-0.038104","0.23926","0.19698","-0.062353","0.069455","0.19047","0.04465","0.26058","0.029066","-0.054215","0.081641","0.24394","-0.090777","-0.035433","-0.2259","-0.068195","0.016965","-0.0075438","-0.079875","-0.028128","0.033509","-0.0021917","0.2336","-0.085989","-0.13066","-0.014959","0.23033","-0.083964","-0.026225","0.067208","-0.024819","0.20702","0.047208","-0.051078","0.024245","0.22205","0.13281","-0.029846","0.11621","-0.064059","0.18188","-0.07472","-0.038975","-0.077959","0.22521","0.20886","-0.0093744"
"-0.14377","0.0078727","0.10987","0.16725","0.050891","0.014492","0.0098783","0.12742","0.12552","0.1517","0.1628","-0.034239","-0.045515","0.095377","-0.11151","-0.035123","0.27272","0.19973","-0.017592","0.18096","-0.026893","0.19477","-0.063849","0.053175","0.10884","-0.0038721","-0.01312","-0.10201","-0.031651","-0.1144","0.031024","-0.017624","0.024858","0.077427","-0.0054437","-0.041259","0.26094","0.097644","-0.024323","0.03788","-0.07978","-0.20417","0.054811","-0.23481","0.081684","0.029259","0.13579","0.20647","0.09256","0.12972","0.090082","0.11436","0.31303","-0.10107","0.27883","-0.021592","0.31406","-0.010371","0.059886","0.0016041"
