"1.csv","10.csv","11.csv","12.csv","13.csv","14.csv","15.csv","16.csv","17.csv","18.csv","19.csv","2.csv","20.csv","21.csv","22.csv","23.csv","24.csv","25.csv","26.csv","27.csv","28.csv","29.csv","3.csv","30.csv","31.csv","32.csv","33.csv","34.csv","35.csv","36.csv","37.csv","38.csv","39.csv","4.csv","40.csv","41.csv","42.csv","43.csv","44.csv","45.csv","46.csv","47.csv","48.csv","49.csv","5.csv","50.csv","51.csv","52.csv","53.csv","54.csv","55.csv","56.csv","57.csv","58.csv","59.csv","6.csv","60.csv","7.csv","8.csv","9.csv"
"-0.031994","-0.068014","0.15546","-0.082622","-0.069237","0.097562","-0.12957","-0.055083","0.15083","0.10681","0.10224","-0.052921","-0.16426","-0.14292","-0.14347","-0.13986","0.087507","-0.1094","-0.080851","-0.11525","-0.1393","-0.1146","0.17352","-0.16706","-0.097822","0.16421","0.17222","0.15096","0.17464","0.15411","0.15892","0.16681","0.15103","0.16789","0.15747","-0.066304","0.1388","-0.021502","0.15668","-0.095346","0.17736","0.17072","0.16437","0.17422","-0.070634","0.17971","0.13376","0.077228","-0.09459","-0.10633","-0.10277","0.060005","0.09679","-0.13284","0.10376","0.17192","0.11972","-0.075867","-0.071856","0.16815"
"0.23725","0.24689","0.0078787","0.17456","0.22899","0.086765","0.025347","0.15184","0.087373","0.1454","0.14015","0.28189","-0.015692","-0.016026","0.039131","-0.024198","-0.052178","0.10866","0.20154","0.11444","0.091568","0.05653","0.072374","0.038618","0.18057","0.095547","0.10225","-0.03193","0.062297","0.061968","0.069361","0.084641","0.050959","0.09769","0.12538","0.26015","0.019863","0.13128","0.12785","0.21233","0.05314","0.06682","0.11009","0.10312","0.2576","0.09233","-0.043155","0.013476","0.16105","0.079269","0.10083","-0.024966","-0.0021568","-0.033974","-0.10577","0.10279","-0.027586","0.25443","0.23808","0.09454"
"-0.11603","0.023902","0.14807","0.15787","0.0079594","0.015345","-0.08349","0.15675","0.025027","-0.0057378","0.021285","-0.1306","0.018491","0.05793","-0.19489","-0.10881","0.16123","0.21516","0.030359","0.28431","-0.059084","0.28523","-0.027628","-0.080479","0.06778","-0.014405","-0.092206","0.22152","-0.014791","0.034618","0.027486","-0.043407","0.032955","-0.099056","-0.094615","-0.021605","0.15818","0.17378","-0.075077","0.022552","-0.067001","-0.034202","-0.076875","-0.037432","0.031257","-0.13547","0.27604","0.086196","0.071917","0.040274","0.27277","-0.041292","0.25966","-0.12773","0.27908","-0.096699","0.25482","-0.039581","0.02939","-0.064579"
