"1.csv","10.csv","11.csv","12.csv","13.csv","14.csv","15.csv","16.csv","17.csv","18.csv","19.csv","2.csv","20.csv","21.csv","22.csv","23.csv","24.csv","25.csv","26.csv","27.csv","28.csv","29.csv","3.csv","30.csv","31.csv","32.csv","33.csv","34.csv","35.csv","36.csv","37.csv","38.csv","39.csv","4.csv","40.csv","41.csv","42.csv","43.csv","44.csv","45.csv","46.csv","47.csv","48.csv","49.csv","5.csv","50.csv","51.csv","52.csv","53.csv","54.csv","55.csv","56.csv","57.csv","58.csv","59.csv","6.csv","60.csv","7.csv","8.csv","9.csv"
"-0.0066832","-0.07201","0.16226","-0.091395","-0.062609","0.038552","-0.15196","-0.043613","0.12055","0.075237","0.060495","-0.027699","-0.17225","-0.16492","-0.14442","-0.13755","0.057524","-0.12279","-0.081061","-0.13225","-0.15701","-0.1304","0.1925","-0.16171","-0.10643","0.15221","0.17679","0.15517","0.16402","0.14088","0.1447","0.18194","0.14662","0.17815","0.15092","-0.055934","0.12221","-0.021983","0.15477","-0.093178","0.18476","0.18873","0.17374","0.19121","-0.071028","0.1942","0.1064","0.056177","-0.088727","-0.13256","-0.11856","0.024347","0.063453","-0.13393","0.067825","0.18291","0.079656","-0.063665","-0.078202","0.18149"
"0.23056","0.24723","-0.10586","0.078624","0.24019","0.088821","-0.029432","0.051158","0.059913","0.14643","0.13234","0.24828","-0.031807","-0.051617","0.097068","0.062487","-0.1296","0.028783","0.20998","0.051169","0.12361","-0.0084522","0.086363","0.062599","0.18055","0.096641","0.11688","-0.098283","0.074521","0.073045","0.098042","0.10863","0.071479","0.091787","0.14131","0.24324","-0.052136","0.036286","0.14345","0.20077","0.084338","0.09751","0.10726","0.098099","0.24112","0.095432","-0.091197","0.013445","0.18879","0.11485","0.043048","0.01006","-0.067181","0.049929","-0.13822","0.10509","-0.083679","0.24896","0.23275","0.085293"
"-0.18359","0.02955","-0.1735","-0.11178","-0.0154","0.17026","-0.053867","-0.23949","0.20824","0.083484","0.14743","-0.22526","0.021803","0.0005196","0.08913","0.12706","0.18693","0.029883","0.077206","0.028088","0.13026","0.050131","-0.027113","0.080981","0.13062","0.109","-0.070677","-0.12372","0.13785","0.20629","0.19984","0.010927","0.20895","-0.066293","-0.064626","-0.014958","0.06732","-0.030355","-0.042386","0.049105","-0.0079632","-0.0063689","-0.05","-0.03691","-0.014544","-0.1009","0.21902","0.22039","0.10133","0.17696","0.061049","0.23916","0.16637","0.16708","0.26546","-0.058441","0.22572","-0.062068","0.042487","-0.064309"
