"1.csv","10.csv","11.csv","12.csv","13.csv","14.csv","15.csv","16.csv","17.csv","18.csv","19.csv","2.csv","20.csv","21.csv","22.csv","23.csv","24.csv","25.csv","26.csv","27.csv","28.csv","29.csv","3.csv","30.csv","31.csv","32.csv","33.csv","34.csv","35.csv","36.csv","37.csv","38.csv","39.csv","4.csv","40.csv","41.csv","42.csv","43.csv","44.csv","45.csv","46.csv","47.csv","48.csv","49.csv","5.csv","50.csv","51.csv","52.csv","53.csv","54.csv","55.csv","56.csv","57.csv","58.csv","59.csv","6.csv","60.csv","7.csv","8.csv","9.csv"
"0.077896","0.022558","0.10429","-0.11122","-0.0045028","0.10637","-0.13731","-0.058824","0.15804","0.12633","0.10425","0.048651","-0.16941","-0.15029","-0.052625","-0.063892","-0.034313","-0.13799","-0.0083607","-0.16047","-0.0633","-0.14167","0.21493","-0.17421","-0.041121","0.20967","0.21424","0.04442","0.21744","0.13945","0.19596","0.20799","0.18599","0.17793","0.20484","0.023909","0.029727","-0.016388","0.19798","-0.036076","0.19942","0.15127","0.18548","0.15133","0.0044479","0.18889","-0.027491","0.008098","-0.041233","-0.12469","-0.12936","0.067252","-0.0047106","-0.054287","-0.022123","0.20998","-0.012767","0.020597","0.012041","0.20482"
"0.18727","0.23262","-0.17741","0.042981","0.21936","0.05591","0.044103","0.019059","0.022329","0.079791","0.085474","0.23634","0.035859","0.01554","0.21571","0.19766","-0.15194","0.028522","0.21475","0.021555","0.2274","0.027868","0.0056756","0.075992","0.2023","0.016266","0.019565","-0.12692","-0.0017595","0.051103","0.012477","0.016732","0.0092809","0.028404","0.036088","0.23124","-0.15802","-0.02751","0.035586","0.21561","-0.028657","0.05353","0.021627","0.071464","0.22164","-0.0010782","-0.13073","-0.040355","0.20812","0.075791","-0.0041668","0.045923","-0.13245","0.17557","-0.1682","0.0062093","-0.18047","0.23463","0.23465","0.021522"
"0.0041193","0.081503","0.15697","0.22465","0.10789","0.012717","0.077059","0.20241","0.15873","0.17735","0.18189","0.078598","0.023242","0.052224","-0.11397","-0.078758","0.20085","0.21402","0.08182","0.20675","-0.045852","0.19269","0.010966","0.01641","0.14037","0.05939","0.031736","-0.065238","0.011629","-0.10328","0.04452","0.021527","0.031881","0.11585","0.048056","0.077564","0.27886","0.12828","0.065192","0.088228","0.0010435","-0.16433","0.13097","-0.14174","0.12032","0.091417","0.05508","0.15902","0.063055","0.11875","0.13411","0.068389","0.2979","-0.10944","0.22696","0.051689","0.24597","0.085921","0.11403","0.057075"
