"1.csv","10.csv","11.csv","12.csv","13.csv","14.csv","15.csv","16.csv","17.csv","18.csv","19.csv","2.csv","20.csv","21.csv","22.csv","23.csv","24.csv","25.csv","26.csv","27.csv","28.csv","29.csv","3.csv","30.csv","31.csv","32.csv","33.csv","34.csv","35.csv","36.csv","37.csv","38.csv","39.csv","4.csv","40.csv","41.csv","42.csv","43.csv","44.csv","45.csv","46.csv","47.csv","48.csv","49.csv","5.csv","50.csv","51.csv","52.csv","53.csv","54.csv","55.csv","56.csv","57.csv","58.csv","59.csv","6.csv","60.csv","7.csv","8.csv","9.csv"
"0.038201","-0.024932","0.11326","-0.12725","-0.035593","0.048812","-0.16139","-0.077231","0.13871","0.12328","0.072471","0.011958","-0.16964","-0.155","-0.0808","-0.09264","-0.01176","-0.16099","-0.045005","-0.17494","-0.10066","-0.15732","0.20509","-0.1816","-0.081228","0.19934","0.20761","0.029482","0.20718","0.107","0.18464","0.20932","0.17956","0.17751","0.19795","-0.022958","0.051213","-0.030836","0.20191","-0.069758","0.19653","0.12389","0.17679","0.11467","-0.033752","0.18667","-0.038301","0.017432","-0.079762","-0.14998","-0.15039","0.066646","0.0098014","-0.06842","0.001792","0.20606","0.0025183","-0.0024583","-0.03597","0.20259"
"0.20279","0.22814","-0.17676","0.016294","0.22587","0.095601","-0.0048889","0.018816","0.0055669","0.080469","0.053876","0.24019","0.004525","-0.018267","0.17489","0.14541","-0.18469","-0.0011336","0.20197","-0.007025","0.19794","-0.006177","0.041644","0.016207","0.18256","0.046539","0.052476","-0.062548","0.024129","0.10181","0.028448","0.035537","0.024753","0.02881","0.078173","0.239","-0.16976","-0.02091","0.061531","0.19379","-0.015324","0.12342","0.025471","0.12512","0.21683","0.0077393","-0.096985","-0.088868","0.17631","0.023425","-0.026123","0.028712","-0.17043","0.14797","-0.21849","0.027091","-0.21401","0.2478","0.22633","0.043061"
"0.15177","0.06841","0.21564","0.22043","0.030887","-0.030411","0.051936","0.28785","-0.1155","-0.012925","-0.095836","0.13942","0.017949","0.053404","-0.15689","-0.23503","-0.10209","0.11718","-0.037285","0.1216","-0.19647","0.066095","0.039989","-0.050037","-0.057427","0.047604","0.049314","0.34211","-0.0085326","0.027267","-0.086998","0.014359","-0.12142","-0.057181","0.05716","0.053305","0.075061","0.27679","0.029294","-0.04141","-0.012209","0.10955","0.015374","0.20504","0.13419","-0.0010063","0.096278","-0.14296","-0.092049","-0.078384","0.11354","-0.29712","-0.029859","-0.27812","-0.1447","0.0030363","-0.0618","0.10269","0.0098156","0.055272"
