"1.csv","10.csv","11.csv","12.csv","13.csv","14.csv","15.csv","16.csv","17.csv","18.csv","19.csv","2.csv","20.csv","21.csv","22.csv","23.csv","24.csv","25.csv","26.csv","27.csv","28.csv","29.csv","3.csv","30.csv","31.csv","32.csv","33.csv","34.csv","35.csv","36.csv","37.csv","38.csv","39.csv","4.csv","40.csv","41.csv","42.csv","43.csv","44.csv","45.csv","46.csv","47.csv","48.csv","49.csv","5.csv","50.csv","51.csv","52.csv","53.csv","54.csv","55.csv","56.csv","57.csv","58.csv","59.csv","6.csv","60.csv","7.csv","8.csv","9.csv"
"0.16249","0.1496","-0.15877","-0.10049","0.097965","0.12013","-0.075299","-0.10927","0.13681","0.11829","0.11577","0.12343","-0.10924","-0.10231","0.13467","0.13426","-0.14049","-0.16198","0.13605","-0.16352","0.094129","-0.16021","0.16131","0.046775","0.12939","0.11232","0.11437","-0.16404","0.16918","0.11058","0.15448","0.18127","0.12417","0.16788","0.111","0.10429","-0.13717","-0.071304","0.093327","0.12431","0.17659","0.17503","0.10327","0.1191","0.11534","0.14739","-0.088729","0.14663","0.14675","0.15787","-0.12189","0.11578","-0.057982","0.11468","-0.087014","0.16419","-0.073862","0.095288","0.042666","0.15944"
"0.10404","0.078953","0.19725","0.14179","0.15338","0.12852","0.22355","0.15422","0.13371","0.10991","0.15153","0.1034","0.21291","0.20144","0.12799","0.005385","0.23185","0.14298","0.07986","0.2008","0.17579","0.22221","0.10244","0.1664","0.11308","0.12435","0.14967","0.16339","0.09124","-0.087923","-0.019557","-0.14163","0.020133","0.098525","0.086919","-0.054306","0.20452","0.20211","0.10653","-0.031082","0.066133","0.01117","0.08781","0.02141","0.062095","0.10733","0.053763","0.054792","0.0025445","-0.01557","0.15046","0.10713","0.16363","0.0096526","0.036848","0.1043","0.10919","0.087657","0.19341","0.10475"
"-0.019035","-0.010449","0.048765","0.039462","-0.052398","0.039715","-0.017843","0.040397","0.0672","-0.064832","0.0048689","-0.054637","0.03499","-0.0064513","0.035746","0.26262","0.016892","-0.11677","0.12849","0.055976","-0.010272","0.031436","-0.016362","0.050046","0.061416","-0.036519","-0.05578","0.073269","0.017343","0.088004","0.24112","0.026639","0.15673","-0.036408","-0.21504","0.064515","0.035373","0.074722","-0.15237","0.26536","-0.027128","-0.14385","-0.21776","-0.23252","-0.19288","-0.023222","0.28999","0.16203","0.25","0.23996","0.052315","0.036076","0.052073","0.2836","0.26239","-0.068134","0.15744","-0.17408","-0.058648","-0.033549"
