"1.csv","10.csv","11.csv","12.csv","13.csv","14.csv","15.csv","16.csv","17.csv","18.csv","19.csv","2.csv","20.csv","21.csv","22.csv","23.csv","24.csv","25.csv","26.csv","27.csv","28.csv","29.csv","3.csv","30.csv","31.csv","32.csv","33.csv","34.csv","35.csv","36.csv","37.csv","38.csv","39.csv","4.csv","40.csv","41.csv","42.csv","43.csv","44.csv","45.csv","46.csv","47.csv","48.csv","49.csv","5.csv","50.csv","51.csv","52.csv","53.csv","54.csv","55.csv","56.csv","57.csv","58.csv","59.csv","6.csv","60.csv","7.csv","8.csv","9.csv"
"-0.1414","-0.14853","0.14086","0.097553","-0.15022","-0.1138","0.024815","0.14714","-0.1125","-0.14289","-0.12778","-0.14286","0.087585","0.10624","-0.11765","-0.11411","0.09369","0.12008","-0.14088","0.12469","-0.13829","0.13655","-0.13564","-0.06466","-0.1192","-0.14803","-0.14335","0.16243","-0.14524","-0.14821","-0.14605","-0.1569","-0.13995","-0.14411","-0.14921","-0.15037","0.069487","0.10601","-0.15444","-0.12438","-0.14088","-0.15115","-0.143","-0.1575","-0.15407","-0.13949","0.073137","-0.11509","-0.12241","-0.11669","0.10381","-0.13475","0.076793","-0.1245","0.089018","-0.15075","0.084891","-0.14862","-0.13448","-0.12981"
"-0.08068","-0.10636","-0.10029","-0.081248","-0.11398","-0.080474","-0.012723","-0.12013","-0.041474","-0.13221","-0.089049","-0.13265","-0.022279","-0.10436","-0.047833","0.25106","-0.006993","-0.068823","0.064046","0.010558","0.042136","-0.093451","-0.050432","-0.032658","0.042859","-0.086678","-0.069622","-0.084339","-0.053163","0.17315","0.16195","0.12256","0.2003","-0.088339","-0.12448","0.12914","0.0070238","-0.080771","-0.13439","0.2562","-0.037581","-0.10399","-0.14406","-0.13454","-0.13323","-0.10167","0.22351","0.18763","0.26651","0.26462","0.064866","0.074772","-0.047889","0.25481","0.21719","-0.12132","0.21692","-0.096226","-0.099087","-0.1037"
"0.1268","-0.0039905","0.13758","0.1301","-0.0068916","0.062512","0.22407","0.12619","0.11816","-0.0041477","-0.040219","0.08729","0.24779","0.15923","0.127","0.098196","0.25697","0.22666","0.091091","0.2299","0.10247","0.20077","0.11585","0.15118","0.10575","0.075294","0.043287","0.092404","0.12917","-0.051578","0.050432","-0.046241","0.035","0.12979","0.08283","-0.067286","0.24114","0.19043","0.017329","0.045913","0.098017","0.090293","0.025973","-0.094366","-0.041405","0.12345","0.16338","0.10475","0.090968","0.093813","0.22878","0.094954","0.2067","0.092792","0.1382","0.091071","0.17972","0.05027","0.088733","0.13107"
