"1.csv","10.csv","11.csv","12.csv","13.csv","14.csv","15.csv","16.csv","17.csv","18.csv","19.csv","2.csv","20.csv","21.csv","22.csv","23.csv","24.csv","25.csv","26.csv","27.csv","28.csv","29.csv","3.csv","30.csv","31.csv","32.csv","33.csv","34.csv","35.csv","36.csv","37.csv","38.csv","39.csv","4.csv","40.csv","41.csv","42.csv","43.csv","44.csv","45.csv","46.csv","47.csv","48.csv","49.csv","5.csv","50.csv","51.csv","52.csv","53.csv","54.csv","55.csv","56.csv","57.csv","58.csv","59.csv","6.csv","60.csv","7.csv","8.csv","9.csv"
"0.12878","0.135","-0.11306","-0.11805","0.13517","0.11691","-0.1213","-0.13157","0.12943","0.12939","0.13543","0.13886","-0.12587","-0.12304","0.12637","0.12571","-0.13937","-0.14221","0.11511","-0.14711","0.14253","-0.12882","0.14583","-0.089448","0.10394","0.14211","0.13931","-0.12671","0.14902","0.13536","0.14029","0.14912","0.13952","0.1426","0.13914","0.14222","-0.1324","-0.13072","0.1374","0.10498","0.12571","0.14493","0.13003","0.14233","0.13608","0.11342","-0.12084","0.00056513","0.12137","-0.037663","-0.14142","0.11951","-0.12484","0.12861","-0.11244","0.13593","-0.13369","0.13572","0.13372","0.13891"
"-0.035873","-0.17947","-0.079218","-0.17182","-0.083826","-0.16568","-0.036377","-0.13081","-0.16869","-0.18463","-0.10294","-0.12167","-0.12269","-0.13972","-0.046241","0.066463","-0.12084","-0.1412","-0.068107","-0.11827","0.060595","-0.18352","-0.076534","-0.076349","-0.042638","-0.15048","-0.15919","-0.14319","0.0076599","0.1122","0.074579","0.11302","0.10249","0.054134","-0.16403","0.11758","-0.098874","-0.13651","-0.13949","0.22651","0.11879","-0.068935","-0.17576","-0.1618","-0.18747","0.015248","0.15351","0.23896","0.16385","0.22441","-0.1441","-0.066059","-0.1142","0.14935","0.095465","0.024435","0.035256","-0.099304","-0.17054","-0.11102"
"0.159","-0.12289","0.14674","-0.003775","-0.15776","-0.16207","-0.1011","0.068206","-0.16719","-0.071395","-0.17122","0.0094941","-0.22612","0.085806","-0.17728","-0.18743","-0.15275","-0.16002","-0.067613","-0.14442","-0.12618","-0.054488","0.13626","-0.19654","-0.06031","0.085919","0.064761","0.092348","0.0079656","-0.13669","-0.15432","-0.079343","-0.17336","0.052462","0.068571","-0.10458","-0.12107","0.047187","-0.037376","-0.031512","0.17856","-0.053787","0.10689","-0.015228","-0.06895","0.24841","-0.20132","-0.13015","-0.088184","-0.17781","-0.15788","-0.093823","-0.18461","-0.14559","-0.22501","0.003273","-0.10188","-0.035808","-0.13438","0.12103"
