"1.csv","10.csv","11.csv","12.csv","13.csv","14.csv","15.csv","16.csv","17.csv","18.csv","19.csv","2.csv","20.csv","21.csv","22.csv","23.csv","24.csv","25.csv","26.csv","27.csv","28.csv","29.csv","3.csv","30.csv","31.csv","32.csv","33.csv","34.csv","35.csv","36.csv","37.csv","38.csv","39.csv","4.csv","40.csv","41.csv","42.csv","43.csv","44.csv","45.csv","46.csv","47.csv","48.csv","49.csv","5.csv","50.csv","51.csv","52.csv","53.csv","54.csv","55.csv","56.csv","57.csv","58.csv","59.csv","6.csv","60.csv","7.csv","8.csv","9.csv"
"0.14912","0.1574","-0.10105","-0.060269","0.15552","0.1305","0.01069","-0.11397","0.13023","0.15131","0.1363","0.15416","-0.059227","-0.055629","0.13191","0.1311","-0.061738","-0.093725","0.15096","-0.094238","0.14994","-0.11218","0.14626","0.079324","0.13238","0.031668","0.15007","-0.1254","0.15524","0.15522","0.15609","0.16492","0.15273","0.15308","0.15771","0.15783","-0.042134","-0.072781","0.16064","0.13929","0.1484","0.16045","0.15311","0.16307","0.16042","0.14919","-0.050443","0.13167","0.13961","0.13471","-0.075263","0.14531","-0.052695","0.13991","-0.068028","0.15693","-0.046111","0.15467","0.14597","0.14149"
"0.058699","0.016318","0.18614","0.19477","0.0032437","0.057206","0.18329","0.22048","0.083305","0.0035449","0.014292","0.035686","0.23568","0.18707","0.092102","0.10146","0.23204","0.24894","0.061944","0.25233","0.062273","0.21865","0.056407","0.14066","0.079734","-0.054534","0.024305","0.19162","0.061933","0.022826","0.05578","0.017298","0.05522","0.065186","0.040059","-0.00086523","0.22114","0.2114","0.0102","0.077027","0.044359","0.04554","-0.00075897","-0.024949","-0.012629","0.055394","0.22185","0.096082","0.091881","0.096647","0.23725","0.067708","0.21615","0.093226","0.21138","0.035197","0.21583","0.018702","0.049188","0.062206"
"-0.091318","-0.11289","-0.12243","-0.10559","-0.11808","-0.089058","-0.034882","-0.14103","-0.059328","-0.13429","-0.09351","-0.13958","-0.045281","-0.11483","-0.049802","0.23387","-0.024673","-0.087277","0.06835","0.0010331","0.035007","-0.11933","-0.060302","-0.049462","0.043656","-0.10953","-0.076132","-0.10077","-0.068662","0.18104","0.15965","0.12755","0.19886","-0.10121","-0.13144","0.13143","-0.0018722","-0.10675","-0.1367","0.24725","-0.049826","-0.11272","-0.1503","-0.13081","-0.13516","-0.1159","0.19615","0.14949","0.25364","0.24896","0.048211","0.071753","-0.075965","0.24631","0.19189","-0.12778","0.18944","-0.090517","-0.10685","-0.11049"
