"1.csv","10.csv","11.csv","12.csv","13.csv","14.csv","15.csv","16.csv","17.csv","18.csv","19.csv","2.csv","20.csv","21.csv","22.csv","23.csv","24.csv","25.csv","26.csv","27.csv","28.csv","29.csv","3.csv","30.csv","31.csv","32.csv","33.csv","34.csv","35.csv","36.csv","37.csv","38.csv","39.csv","4.csv","40.csv","41.csv","42.csv","43.csv","44.csv","45.csv","46.csv","47.csv","48.csv","49.csv","5.csv","50.csv","51.csv","52.csv","53.csv","54.csv","55.csv","56.csv","57.csv","58.csv","59.csv","6.csv","60.csv","7.csv","8.csv","9.csv"
"0.14034","0.15443","-0.15041","-0.11172","0.15084","0.10539","-0.073598","-0.13455","0.10747","0.13285","0.1214","0.13646","-0.08776","-0.12893","0.13369","0.12272","-0.10768","-0.10788","0.14886","-0.1147","0.13627","-0.13114","0.14","0.052996","0.13839","0.14533","0.14202","-0.15127","0.14472","0.15345","0.15099","0.14965","0.14353","0.13967","0.14835","0.13979","-0.08644","-0.10555","0.1455","0.12449","0.1427","0.15115","0.14342","0.1535","0.15235","0.13167","-0.065202","0.11436","0.13286","0.14109","-0.092531","0.12816","-0.076213","0.12421","-0.072144","0.14475","-0.08812","0.15416","0.13371","0.1137"
"0.13631","0.062671","0.18064","0.1105","0.067293","0.085805","0.21718","0.15197","0.11216","0.10507","-0.00028048","0.17818","0.23182","0.17312","0.12373","-0.074578","0.16955","0.23607","0.041267","0.19642","0.053078","0.20878","0.12184","0.16902","0.0088125","0.11097","0.086326","0.13748","0.12934","-0.15794","-0.060073","-0.14148","-0.097479","0.14996","0.12657","-0.091043","0.18549","0.17085","0.10216","-0.13615","0.10954","0.1304","0.11046","0.011782","0.048232","0.17097","-0.024324","-0.048732","-0.084307","-0.09316","0.11625","0.053817","0.1366","-0.061469","-0.072934","0.14368","-0.080903","0.068471","0.1569","0.17531"
"0.028151","-0.092921","0.038661","0.017593","-0.099075","-0.036543","0.14653","-0.038909","0.063552","-0.10552","-0.064742","-0.014666","0.12833","0.018751","0.036675","0.25159","0.13217","0.094963","0.098034","0.16062","0.090567","0.075788","0.040064","0.079622","0.081144","-0.00081831","-0.0032901","-0.0059491","0.045878","0.087999","0.16725","0.024154","0.18474","0.034006","-0.067722","0.082339","0.14367","0.082334","-0.099147","0.19363","0.051763","-0.050731","-0.099396","-0.16548","-0.17299","0.01993","0.29424","0.21138","0.24327","0.24763","0.17805","0.12006","0.084753","0.25342","0.27639","-0.0064406","0.27585","-0.086684","-0.030785","0.01628"
