"1.csv","10.csv","11.csv","12.csv","13.csv","14.csv","15.csv","16.csv","17.csv","18.csv","19.csv","2.csv","20.csv","21.csv","22.csv","23.csv","24.csv","25.csv","26.csv","27.csv","28.csv","29.csv","3.csv","30.csv","31.csv","32.csv","33.csv","34.csv","35.csv","36.csv","37.csv","38.csv","39.csv","4.csv","40.csv","41.csv","42.csv","43.csv","44.csv","45.csv","46.csv","47.csv","48.csv","49.csv","5.csv","50.csv","51.csv","52.csv","53.csv","54.csv","55.csv","56.csv","57.csv","58.csv","59.csv","6.csv","60.csv","7.csv","8.csv","9.csv"
"0.14951","0.15352","-0.11463","-0.0691","0.13015","0.12966","0.016815","-0.13013","0.12525","0.13479","0.13083","0.16363","-0.077976","-0.088303","0.12256","0.1083","-0.079762","-0.12515","0.12154","-0.12789","0.14189","-0.15401","0.14317","0.067809","0.1188","0.15154","0.15473","-0.16016","0.14701","0.12735","0.12956","0.1575","0.12602","0.1529","0.16046","0.14797","-0.063786","-0.087501","0.15898","0.12973","0.14406","0.1588","0.16615","0.16909","0.13742","0.15363","-0.083536","0.11966","0.10927","0.10738","-0.11101","0.14008","-0.080001","0.1162","-0.10406","0.16407","-0.053142","0.13553","0.12663","0.14716"
"-0.10534","-0.066185","-0.10847","-0.070297","-0.042841","-0.024754","0.055419","-0.1109","-0.012214","-0.049337","-0.036878","-0.12807","0.029042","-0.060374","-0.019676","0.25326","0.057303","-0.023586","0.098244","0.067806","0.047966","-0.060772","-0.05821","-0.0023455","0.06479","-0.080067","-0.089095","-0.069281","-0.045949","0.21683","0.20452","0.14042","0.22529","-0.11776","-0.13013","0.17142","0.079533","-0.054118","-0.11341","0.2415","-0.053478","-0.092524","-0.15161","-0.13295","-0.057503","-0.12437","0.2413","0.18425","0.25427","0.25218","0.11824","0.087232","-0.012648","0.25528","0.22643","-0.13018","0.22322","-0.050705","-0.035067","-0.087864"
"0.042466","0.057788","0.095448","0.14595","0.1102","0.1368","0.17624","0.15379","0.14536","0.12147","0.081139","0.052817","0.25867","0.18521","0.14805","0.013427","0.27012","0.26889","0.095164","0.24133","0.096121","0.23415","0.018439","0.17299","0.1186","0.071919","0.02642","0.081906","0.077587","-0.023444","0.016012","-0.044242","0.021956","0.04468","0.074439","-0.068794","0.23986","0.21202","0.071757","-0.022647","0.012201","0.073198","0.054902","-0.0099104","0.093297","0.040255","0.13944","0.0312","0.012718","0.013931","0.24707","0.072024","0.2616","0.0048064","0.10662","0.05686","0.14273","0.10744","0.14653","0.068507"
