"1.csv","10.csv","11.csv","12.csv","13.csv","14.csv","15.csv","16.csv","17.csv","18.csv","19.csv","2.csv","20.csv","21.csv","22.csv","23.csv","24.csv","25.csv","26.csv","27.csv","28.csv","29.csv","3.csv","30.csv","31.csv","32.csv","33.csv","34.csv","35.csv","36.csv","37.csv","38.csv","39.csv","4.csv","40.csv","41.csv","42.csv","43.csv","44.csv","45.csv","46.csv","47.csv","48.csv","49.csv","5.csv","50.csv","51.csv","52.csv","53.csv","54.csv","55.csv","56.csv","57.csv","58.csv","59.csv","6.csv","60.csv","7.csv","8.csv","9.csv"
"0.1488","0.13816","-0.12095","-0.11682","0.15252","0.083018","-0.084018","-0.12513","0.13006","0.1396","0.10873","0.1309","-0.089012","-0.12964","0.12696","0.13692","-0.078616","-0.12534","0.11972","-0.12939","0.14016","-0.1397","0.16063","-0.092924","0.11556","0.14962","0.13968","-0.14092","0.15854","0.14356","0.14307","0.14334","0.15148","0.156","0.14319","0.16738","-0.11344","-0.11564","0.14583","0.13237","0.1654","0.14856","0.14348","0.14177","0.14816","0.15231","-0.081006","0.036738","0.13852","-0.0042492","-0.11681","0.11948","-0.10229","0.12987","-0.059652","0.12629","-0.086596","0.14955","0.12397","0.14504"
"-0.040349","0.13577","0.080362","0.18071","0.12579","0.096165","0.14233","0.03734","0.060379","0.15533","0.17298","0.13876","0.18216","0.18234","0.057572","-0.033294","0.23303","0.1971","0.11994","0.21823","0.087034","0.1957","0.014401","0.17626","0.042591","0.12835","0.13443","0.062583","0.053332","0.048631","0.070778","0.045311","0.043379","-0.051631","0.15575","0.023545","0.19786","0.17147","0.12304","-0.10304","-0.1211","0.1163","0.15032","0.13355","0.1631","-0.07916","0.081457","-0.10743","-0.13755","-0.14794","0.23836","0.1232","0.19059","-0.068423","0.033428","0.045898","0.099271","0.082877","0.21027","-0.012011"
"-0.008473","-0.057698","-0.031029","-0.19205","-0.010808","-0.037882","0.17237","-0.06375","0.019728","-0.10158","0.029424","-0.013222","0.16577","0.034661","0.10969","0.14733","0.10085","0.11443","0.092756","0.094748","0.097334","-0.06756","-0.09327","0.15104","0.17571","-0.087246","-0.021747","-0.05561","0.10102","0.18065","0.1524","0.10427","0.081563","-0.047911","-0.13189","-0.0032261","0.13125","0.029097","-0.08981","0.23307","0.00059134","-0.028643","-0.18609","-0.1761","-0.05359","0.028588","0.24108","0.32661","0.23285","0.30063","0.11209","0.074819","0.052285","0.13497","0.16897","0.13077","0.24063","0.046594","-0.082866","-0.076276"
