"1.csv","10.csv","11.csv","12.csv","13.csv","14.csv","15.csv","16.csv","17.csv","18.csv","19.csv","2.csv","20.csv","21.csv","22.csv","23.csv","24.csv","25.csv","26.csv","27.csv","28.csv","29.csv","3.csv","30.csv","31.csv","32.csv","33.csv","34.csv","35.csv","36.csv","37.csv","38.csv","39.csv","4.csv","40.csv","41.csv","42.csv","43.csv","44.csv","45.csv","46.csv","47.csv","48.csv","49.csv","5.csv","50.csv","51.csv","52.csv","53.csv","54.csv","55.csv","56.csv","57.csv","58.csv","59.csv","6.csv","60.csv","7.csv","8.csv","9.csv"
"-0.11252","-0.15486","-0.11667","-0.07232","0.19466","-0.16922","0.004004","0.067021","0.012163","-0.039852","0.16859","-0.034699","0.11331","-0.15728","0.027453","-0.14138","0.10411","-0.048163","0.068561","-0.068507","-0.070516","0.11536","-0.061371","-0.034157","-0.10705","0.24114","0.013069","0.075834","0.042079","0.1939","-0.019428","-0.18984","-0.39228","-0.23828","-0.073068","-0.062852","-0.078522","-0.00039706","-0.12177","-0.039414","-0.030298","-0.32545","-0.35596","-0.11642","-0.12751","-0.0042233","-0.28433","0","0","0","0","0","0","0","0","0","0","0","0","0"
"-0.10458","-0.15687","-0.0021103","-0.089655","0.18248","-0.019273","0.011988","-0.15497","-0.12416","0.02419","-0.11349","-0.027518","-0.014282","0.46631","-0.26899","0.028106","0.18921","-0.065999","-0.0060841","-0.21286","-0.027068","-0.019895","-0.015036","-0.14482","0.15713","0.026776","0.0069533","0.060784","-0.093991","-0.079468","-0.11196","0.024149","0.0012333","-0.099313","-0.029244","-0.19214","0.17839","0.026108","-0.043892","-0.0016573","-0.2111","-0.0462","0.041729","0.062243","0.2473","0.16966","-0.087144","-0.12842","-0.17619","-0.32616","-0.083146","0.041216","-0.0073548","0.051415","-0.057539","-0.0030229","0.0040898","0.010117","-0.10834","0.024046"
"-0.1406","0.12681","-0.021378","-0.12481","0.016919","0.12817","-0.048974","0.11883","0.074383","0.086711","0.12484","0.23112","-0.12728","0.031766","-0.11161","-0.21458","-0.017146","0.17181","-0.042454","0.0081498","-0.038598","0.019777","0.033491","-0.14162","0.090062","0.070933","-0.10876","0.061187","0.035117","-0.15886","0.20042","0.11329","0.044218","-0.026677","-0.21876","0.032338","0.49372","-0.16375","0.2336","-0.26307","0.23263","-0.11874","-0.08797","0.051436","-0.23743","0.093914","-0.004901","0.0065687","0.0072142","0.01055","0.016642","-0.039674","-0.010268","0.0035658","-0.011407","-0.013473","-0.00064658","0.019101","-0.033858","-0.021256"
