"1.csv","10.csv","11.csv","12.csv","13.csv","14.csv","15.csv","16.csv","17.csv","18.csv","19.csv","2.csv","20.csv","21.csv","22.csv","23.csv","24.csv","25.csv","26.csv","27.csv","28.csv","29.csv","3.csv","30.csv","31.csv","32.csv","33.csv","34.csv","35.csv","36.csv","37.csv","38.csv","39.csv","4.csv","40.csv","41.csv","42.csv","43.csv","44.csv","45.csv","46.csv","47.csv","48.csv","49.csv","5.csv","50.csv","51.csv","52.csv","53.csv","54.csv","55.csv","56.csv","57.csv","58.csv","59.csv","6.csv","60.csv","7.csv","8.csv","9.csv"
"-0.14034","-0.12094","0.010102","-0.14067","-0.034214","-0.11161","0.0036106","0.26267","0.040924","-0.16386","0.19164","-0.19464","0.030801","-0.01406","0.095892","-0.19131","0.03685","-0.0042664","0.094261","-0.073821","0.13067","-0.12774","-0.13428","0.059502","0.003462","0.11228","0.51388","-0.17271","-0.27624","-0.072306","-0.23159","-0.11255","-0.023505","-0.28474","-0.06123","-0.12411","-0.033041","-0.040895","-0.048025","-0.13768","-0.094278","-0.10617","-0.01607","-0.10605","-0.072318","-0.15008","-0.061799","0","0","0","0","0","0","0","0","0","0","0","0","0"
"-0.13702","-0.13658","0.024926","0.0024885","-0.13515","-0.086882","-0.15122","-0.1549","0.17238","0.078944","0.05184","0.10155","-0.046682","0.070504","0.038307","-0.0020357","-0.05189","-0.053793","-0.064027","0.044219","0.030091","0.095382","0.17388","-0.17871","-0.035001","-0.02242","-0.10304","-0.23713","-0.050378","0.36189","0.031309","-0.11039","0.13199","-0.40414","0.078088","-0.040634","0.31835","-0.23404","0.2093","-0.27398","0.15478","0.065422","0.029432","0.098502","0.066518","0.13414","0.020795","0.019053","0.03263","-0.013134","0.037708","0.0014525","0.02096","-0.016387","0.020621","0.030589","-0.020184","0.010949","-0.042529","0.0077343"
"-0.1255","0.1597","0.014194","-0.01137","-0.0020563","-0.10168","0.19292","0.020398","-0.15359","-0.047347","-0.092606","0.081819","-0.04123","-0.021626","-0.045773","-0.049346","0.013341","-0.032398","-0.16597","0.016822","-0.0288","0.078207","-0.15749","-0.13884","-0.067885","-0.050202","0.063326","-0.02303","0.08524","0.01943","-0.078724","0.025845","-0.038354","-0.060304","-0.083822","-0.20725","0.11706","-0.24659","-0.23416","0.19598","0.056369","0.33815","0.26624","0.19586","-0.11261","-0.17015","0.0018641","-0.32896","-0.26393","-0.16895","-0.030837","-0.12444","0.083219","-0.069385","0.098831","0.10425","-0.015532","0.069331","-0.068774","-0.011682"
