"1.csv","10.csv","11.csv","12.csv","13.csv","14.csv","15.csv","16.csv","17.csv","18.csv","19.csv","2.csv","20.csv","21.csv","22.csv","23.csv","24.csv","25.csv","26.csv","27.csv","28.csv","29.csv","3.csv","30.csv","31.csv","32.csv","33.csv","34.csv","35.csv","36.csv","37.csv","38.csv","39.csv","4.csv","40.csv","41.csv","42.csv","43.csv","44.csv","45.csv","46.csv","47.csv","48.csv","49.csv","5.csv","50.csv","51.csv","52.csv","53.csv","54.csv","55.csv","56.csv","57.csv","58.csv","59.csv","6.csv","60.csv","7.csv","8.csv","9.csv"
"-0.050651","-0.17332","0.042578","-0.11809","0.098163","-0.16704","-0.18365","0.13992","-0.16355","0.013544","-0.27154","0.080112","-0.13652","0.36166","-0.013179","0.023401","-0.05158","0.088305","-0.13422","0.12978","-0.14194","-0.078991","0.22699","0.087903","0.32493","-0.29211","-0.057778","-0.021395","-0.17837","-0.19365","0.04284","0.053206","0.16206","0.1503","0.0094832","0.018661","0.16214","0.21918","0.00017903","0.074011","0.079074","0.19406","0.036109","0.082947","0.044758","0.08524","0.11597","0","0","0","0","0","0","0","0","0","0","0","0","0"
"-0.061501","-0.2145","0.051772","-0.087576","-0.028534","-0.01109","-0.13793","0.027686","0.022042","0.084148","0.087284","-0.052597","-0.23074","0.017894","0.026716","0.031325","0.1327","-0.056834","0.14564","-0.12388","-0.049019","0.21961","-0.049825","0.021252","-0.0036281","0.035619","-0.076739","-0.18571","-0.0047678","-0.0048514","0.12182","-0.09843","0.056959","-0.20529","0.034504","-0.17665","0.2377","-0.013066","0.023496","-0.15485","0.083409","-0.10213","0.055804","0.14529","-0.23334","-0.40689","0.20967","-0.415","0.0065676","0.061543","0.02849","0.076534","-0.0082022","0.11517","0.033432","-0.037523","0.035551","-0.058851","-0.029117","-0.00045048"
"-0.17382","0.092558","0.031828","0.11109","-0.0015939","0.074923","0.1059","0.016184","-0.19626","0.084833","-0.12556","-0.20262","0.067366","-0.068646","-0.32137","-0.0405","0.16656","-0.026942","-0.054658","-0.090502","-0.14119","-0.14992","0.012297","0.20042","-0.27375","-0.33296","-0.073234","-0.49091","-0.061021","0.19328","0.11841","0.018297","0.079058","-0.035382","0.010186","-0.016005","-0.041142","-0.022366","0.04395","-0.14486","0.010511","0.056411","-0.036372","-0.12407","0.2106","-0.024075","-0.03044","0.010207","-0.042348","0.002252","0.0059105","-0.015304","-0.0076065","-0.010837","-0.0051153","0.0061604","0.014656","-0.045126","0.020328","-0.013603"
