"1.csv","10.csv","11.csv","12.csv","13.csv","14.csv","15.csv","16.csv","17.csv","18.csv","19.csv","2.csv","20.csv","21.csv","22.csv","23.csv","24.csv","25.csv","26.csv","27.csv","28.csv","29.csv","3.csv","30.csv","31.csv","32.csv","33.csv","34.csv","35.csv","36.csv","37.csv","38.csv","39.csv","4.csv","40.csv","41.csv","42.csv","43.csv","44.csv","45.csv","46.csv","47.csv","48.csv","49.csv","5.csv","50.csv","51.csv","52.csv","53.csv","54.csv","55.csv","56.csv","57.csv","58.csv","59.csv","6.csv","60.csv","7.csv","8.csv","9.csv"
"-0.12727","0.096291","0.12926","0.22994","-0.087518","0.056553","-0.14344","0.21136","-0.070121","0.14853","0.073255","-0.062712","-0.10986","0.19535","0.0019917","-0.20964","0.21618","-0.046222","0.070175","-0.12056","0.069621","-0.084253","0.14566","-0.055655","0.28844","-0.14319","-0.13278","-0.087836","0.10283","0.21415","0.016312","0.056805","-0.11119","-0.13975","-0.054805","-0.071796","-0.11277","-0.11464","-0.18712","-0.18905","-0.097186","-0.1458","-0.046721","-0.05733","-0.068309","-0.00062538","-0.010787","-0.074299","-0.2454","-0.18404","-0.094467","-0.11824","-0.060076","-0.16218","-0.27346","0","0","0","0","0"
"-0.14157","0.053715","-0.0031764","-0.045773","0.11843","0.24864","-0.020394","-0.13232","-0.010212","0.027136","-0.10509","-0.10694","0.080832","0.050807","0.031929","-0.080056","-0.10454","0.085844","0.12806","0.0771","0.074835","-0.12549","-0.04198","0.085733","-0.15672","-0.19874","-0.10456","-0.059605","-0.16387","0.024246","0.044485","0.17557","0.18758","0.2899","0.26794","0.31856","-0.080092","0.0041065","0.0054171","-0.025379","0.059153","0.082654","0.11977","-0.058724","0.14457","0.19888","0.11496","-0.23199","-0.090544","-0.024633","-0.11701","-0.13234","0.13233","0.063119","-0.26825","0.13518","0.12844","-0.078767","0.042152","-0.0028821"
"-0.13308","0.074049","-0.15251","0.1339","-0.096474","-0.075884","-0.018556","-0.11692","-0.18248","0.023396","-0.054289","0.16004","0.11537","0.29366","0.11895","0.22807","-0.13949","-0.027839","-0.11512","-0.2436","0.16849","-0.1538","0.091813","0.05208","-0.062484","0.15092","0.0042569","-0.34042","0.090374","0.10293","0.044967","0.08281","0.11109","0.25051","0.13754","-0.17164","-0.13982","0.030419","0.063047","-0.20054","-0.062271","-0.085485","0.067532","-0.025077","-0.025974","-0.017109","0.15925","0.20418","0.11823","0.14372","0.041751","0.027838","-0.10443","0.020418","0.030915","-0.10088","-0.12226","0.031005","0.04524","0.045667"
