"1.csv","10.csv","11.csv","12.csv","13.csv","14.csv","15.csv","16.csv","17.csv","18.csv","19.csv","2.csv","20.csv","21.csv","22.csv","23.csv","24.csv","25.csv","26.csv","27.csv","28.csv","29.csv","3.csv","30.csv","31.csv","32.csv","33.csv","34.csv","35.csv","36.csv","37.csv","38.csv","39.csv","4.csv","40.csv","41.csv","42.csv","43.csv","44.csv","45.csv","46.csv","47.csv","48.csv","49.csv","5.csv","50.csv","51.csv","52.csv","53.csv","54.csv","55.csv","56.csv","57.csv","58.csv","59.csv","6.csv","60.csv","7.csv","8.csv","9.csv"
"-0.11718","0.14636","0.063183","0.12064","-0.11171","0.18388","-0.11","0.093481","-0.18269","0.15755","-0.16185","0.022714","-0.2373","0.12616","-0.31972","0.013476","-0.17467","0.024854","-0.099244","0.0293","-0.18986","0.14757","-0.025951","0.017783","0.15714","-0.020966","-0.16948","0.076839","0.22061","-0.022827","-0.048631","-0.10096","0.13111","0.10024","0.13975","0.067858","-0.063821","-0.15333","-0.010445","-0.08018","-0.045354","-0.047685","0.2193","0.15894","0.13167","0.23518","0.0027301","0.055798","0.25553","0.010294","0.031184","0.23004","0.044104","0.048935","0.093713","0.083528","0.10356","0.091756","0","0"
"-0.15748","0.047703","-0.0068176","-0.043619","0.23567","0.024244","0.11407","-0.027332","-0.13254","0.11598","-0.0025497","-0.12545","0.041676","0.15844","0.066925","-0.32193","-0.030136","0.023653","-0.10006","0.034693","0.070347","-0.16386","0.10344","-0.005034","-0.074385","-0.28882","-0.021153","-0.12059","0.17016","-0.0030818","0.21327","0.036185","-0.1717","0.046881","0.089496","-0.05872","-0.04328","-0.20816","-0.016386","0.045865","-0.17211","0.11568","-0.11798","-0.048632","-0.13014","0.078267","-0.090855","-0.10188","-0.16876","0.1022","-0.15593","0.063365","-0.28158","0.17141","0.19886","0.14304","0.22858","0.0031099","-0.067661","-0.00017776"
"-0.1196","0.1236","0.052372","0.1211","0.12054","0.21517","0.026944","0.065377","0.0065699","-0.29919","0.11089","0.041594","0.12885","0.045142","0.17262","0.026242","0.058726","0.36534","-0.091324","0.3092","-0.15744","0.24862","-0.23417","0.028999","-0.18806","-0.029337","-0.02814","0.016385","0.055713","-0.21555","-0.21471","0.14071","0.092774","-0.0060504","0.022601","0.024427","-0.0063545","0.02696","0.016942","0.086781","0.050413","-0.077386","0.13135","-0.0097605","-0.065458","-0.06595","0.17739","0.00179","-0.098085","0.21822","-0.019314","0.030721","-0.15814","0.066439","-0.022803","0.06096","-0.069787","-0.012497","-0.078429","0.10424"
