"1.csv","10.csv","11.csv","12.csv","13.csv","14.csv","15.csv","16.csv","17.csv","18.csv","19.csv","2.csv","20.csv","21.csv","22.csv","23.csv","24.csv","25.csv","26.csv","27.csv","28.csv","29.csv","3.csv","30.csv","31.csv","32.csv","33.csv","34.csv","35.csv","36.csv","37.csv","38.csv","39.csv","4.csv","40.csv","41.csv","42.csv","43.csv","44.csv","45.csv","46.csv","47.csv","48.csv","49.csv","5.csv","50.csv","51.csv","52.csv","53.csv","54.csv","55.csv","56.csv","57.csv","58.csv","59.csv","6.csv","60.csv","7.csv","8.csv","9.csv"
"0.12059","0.14113","-0.13536","0.10088","0.092618","-0.04617","0.12836","0.10231","-0.1419","-0.037878","-0.064311","0.13599","0.15761","0.10681","0.14641","0.10883","-0.10628","0.13652","0.15135","0.16305","0.16291","0.13212","-0.15522","0.15477","0.13433","0.0027612","-0.13426","-0.15434","-0.15145","-0.14568","-0.12858","-0.13091","-0.13003","-0.15086","-0.11789","0.14902","-0.14271","0.055867","-0.10233","0.15106","-0.16086","-0.15877","-0.15686","-0.14631","0.14566","-0.1609","-0.13302","-0.057314","0.14027","0.09146","0.15207","-0.081663","-0.077486","0.10909","-0.12317","-0.14769","-0.094766","0.15966","0.13451","-0.11601"
"0.12292","0.14634","0.11717","0.12263","0.15132","-0.079544","0.077381","0.13307","0.13376","0.17753","0.17887","0.12492","0.10818","0.12773","0.14571","0.14742","0.1408","0.13772","0.12034","0.10582","0.10144","0.14654","0.11668","0.1037","0.13651","0.0088814","0.14719","0.083281","0.11561","0.089779","0.15102","0.13802","0.15119","0.113","0.16349","0.14036","0.13352","0.13435","0.15919","0.10559","0.11569","0.086705","0.11869","0.083996","0.14283","0.11635","0.097342","0.14182","0.14121","0.12852","0.11192","0.14339","0.14773","0.1575","0.12538","0.11354","0.13731","0.10741","0.15388","0.15407"
"-0.052066","0.024969","0.16259","0.014721","0.13311","0.32151","0.15489","0.18955","0.052434","-0.15468","-0.23917","-0.051203","-0.071415","0.20347","0.038909","0.15138","-0.088694","0.081231","0.01172","-0.052867","-0.050182","0.023756","0.10499","-0.058656","0.036766","-0.069344","-0.063263","0.13735","0.13047","0.15078","-0.10342","-0.090036","-0.050013","0.10694","-0.18653","0.00052009","0.052389","0.21026","-0.23701","-0.073888","0.12044","0.12756","0.10919","0.16631","-0.010938","0.12071","0.098019","-0.13277","0.0024352","0.2197","-0.039907","-0.068046","-0.28854","0.10097","0.013143","0.12619","-0.21467","-0.061225","0.032206","-0.15663"
