"1.csv","10.csv","11.csv","12.csv","13.csv","14.csv","15.csv","16.csv","17.csv","18.csv","19.csv","2.csv","20.csv","21.csv","22.csv","23.csv","24.csv","25.csv","26.csv","27.csv","28.csv","29.csv","3.csv","30.csv","31.csv","32.csv","33.csv","34.csv","35.csv","36.csv","37.csv","38.csv","39.csv","4.csv","40.csv","41.csv","42.csv","43.csv","44.csv","45.csv","46.csv","47.csv","48.csv","49.csv","5.csv","50.csv","51.csv","52.csv","53.csv","54.csv","55.csv","56.csv","57.csv","58.csv","59.csv","6.csv","60.csv","7.csv","8.csv","9.csv"
"0.12687","0.14086","-0.14227","0.12405","0.13357","-0.033211","0.13717","0.10702","-0.13668","-0.066303","-0.063464","0.13867","0.14922","0.1241","0.13014","0.11007","-0.12514","0.12762","0.14526","0.14896","0.14889","0.13324","-0.14319","0.14191","0.13118","-0.13377","-0.1259","-0.14488","-0.14484","-0.14455","-0.13701","-0.13402","-0.13212","-0.13683","-0.10952","0.13952","-0.13804","0.068879","-0.10936","0.14532","-0.14421","-0.14433","-0.14179","-0.14604","0.14064","-0.14273","-0.14144","-0.079708","0.13025","0.11475","0.13851","-0.091199","-0.09265","0.10085","-0.13056","-0.14181","-0.11684","0.148","0.13566","-0.13503"
"-0.14627","-0.13051","-0.099116","-0.14918","-0.14291","0.21494","-0.077662","-0.14176","-0.13049","-0.18371","-0.17387","-0.13422","-0.10286","-0.13611","-0.13444","-0.13656","-0.14062","-0.13956","-0.098651","-0.09649","-0.094582","-0.14086","-0.11184","-0.095111","-0.12669","-0.14276","-0.16114","-0.056268","-0.10483","-0.061082","-0.13717","-0.12231","-0.14381","-0.12001","-0.17608","-0.14415","-0.12954","-0.15737","-0.17106","-0.09761","-0.10627","-0.066624","-0.11573","-0.054195","-0.14452","-0.10974","-0.089606","-0.11832","-0.13758","-0.11399","-0.10381","-0.13852","-0.15596","-0.13849","-0.10001","-0.11131","-0.12846","-0.11274","-0.14784","-0.127"
"0.11131","0.0075352","-0.0041023","0.094788","0.05339","0.29604","-0.0779","0.16495","0.10031","-0.028548","0.010949","0.20555","-0.22859","0.062489","0.049968","0.19271","0.022245","0.047705","-0.1696","-0.24769","-0.24904","-0.013172","-0.061001","-0.22177","0.12353","-0.046355","0.071326","-0.17113","-0.049114","-0.18397","0.08172","0.062142","0.052761","-0.021193","0.062442","0.11008","0.10531","0.079039","0.082975","-0.16116","0.11889","-0.067718","-0.025414","-0.16412","0.088957","0.12516","-0.079565","-0.29334","0.044073","0.13076","-0.24333","-0.089287","-0.13485","0.10849","-0.069112","0.049651","0.014623","-0.15728","0.12798","0.05233"
