"1.csv","10.csv","11.csv","12.csv","13.csv","14.csv","15.csv","16.csv","17.csv","18.csv","19.csv","2.csv","20.csv","21.csv","22.csv","23.csv","24.csv","25.csv","26.csv","27.csv","28.csv","29.csv","3.csv","30.csv","31.csv","32.csv","33.csv","34.csv","35.csv","36.csv","37.csv","38.csv","39.csv","4.csv","40.csv","41.csv","42.csv","43.csv","44.csv","45.csv","46.csv","47.csv","48.csv","49.csv","5.csv","50.csv","51.csv","52.csv","53.csv","54.csv","55.csv","56.csv","57.csv","58.csv","59.csv","6.csv","60.csv","7.csv","8.csv","9.csv"
"0.12961","0.14819","-0.14875","0.13582","0.14739","-0.0056139","0.14548","0.11657","-0.14036","-0.089234","-0.05878","0.14637","0.15379","0.12722","0.1402","0.12047","-0.13586","0.13325","0.15139","0.15277","0.1546","0.13841","-0.13525","0.14545","0.14357","-0.13748","-0.1347","-0.0014523","-0.14825","-0.035797","-0.14184","-0.14579","-0.13972","-0.1446","-0.10856","0.15062","-0.13879","0.06809","-0.12537","0.15204","-0.14742","-0.0044898","-0.14337","-0.0031032","0.15193","-0.14601","-0.011188","-0.092795","0.14785","0.12636","0.14008","-0.099168","-0.11084","0.10597","-0.14493","-0.14474","-0.13293","0.15309","0.15014","-0.14442"
"-0.087059","-0.10909","-0.050793","-0.10321","-0.10585","0.14917","-0.065934","-0.11081","-0.1324","-0.18809","-0.17629","-0.089634","-0.074452","-0.10969","-0.077261","-0.10416","-0.10305","-0.11296","-0.063409","-0.067368","-0.056631","-0.10171","0.008442","-0.065965","-0.066338","-0.12393","-0.13486","0.28719","-0.036698","0.25589","-0.12379","-0.11186","-0.12474","-0.0931","-0.16334","-0.089107","-0.11942","-0.12538","-0.16037","-0.072543","-0.03434","0.29233","-0.10266","0.28373","-0.089729","-0.087905","0.28631","-0.10286","-0.066198","-0.11651","-0.074009","-0.12732","-0.15098","-0.1059","-0.088708","-0.0897","-0.095234","-0.066924","-0.085828","-0.097366"
"0.01615","-0.048995","-0.051157","-0.035107","0.037204","-0.035894","-0.019188","-0.19047","0.044943","0.14829","0.27888","-0.071354","-0.024134","-0.10193","0.13563","0.10667","0.21828","0.013106","0.15701","0.12966","0.065523","0.1058","0.00057465","0.036963","0.10849","0.024688","0.041245","0.25969","-0.11399","0.15217","-0.0042345","-0.099393","0.17556","-0.088072","0.11592","0.012594","0.026423","-0.1418","0.043825","0.05739","-0.1423","0.15694","-0.049163","0.28432","-0.06986","-0.12759","0.14898","0.21753","0.0065633","0.14247","0.10907","0.27357","0.24225","0.22849","0.053198","-0.064782","0.19803","-0.041158","0.075681","-0.064943"
