"1.csv","10.csv","11.csv","12.csv","13.csv","14.csv","15.csv","16.csv","17.csv","18.csv","19.csv","2.csv","20.csv","21.csv","22.csv","23.csv","24.csv","25.csv","26.csv","27.csv","28.csv","29.csv","3.csv","30.csv","31.csv","32.csv","33.csv","34.csv","35.csv","36.csv","37.csv","38.csv","39.csv","4.csv","40.csv","41.csv","42.csv","43.csv","44.csv","45.csv","46.csv","47.csv","48.csv","49.csv","5.csv","50.csv","51.csv","52.csv","53.csv","54.csv","55.csv","56.csv","57.csv","58.csv","59.csv","6.csv","60.csv","7.csv","8.csv","9.csv"
"-0.13302","-0.13638","0.14913","-0.12002","-0.12472","0.064797","-0.13508","-0.11473","0.13834","0.062181","0.045403","-0.13343","-0.15211","-0.11726","-0.12883","-0.12219","0.12858","-0.13487","-0.14722","-0.15149","-0.15048","-0.12969","0.15129","-0.13412","-0.12124","0.13416","0.11214","0.14579","0.15249","0.15142","0.13545","0.12486","0.12889","0.1501","0.088778","-0.13054","0.13714","-0.074371","0.09075","-0.14097","0.15215","0.15224","0.15253","0.14947","-0.12787","0.15053","0.15323","0.059566","-0.11768","-0.11521","-0.13835","0.094921","0.078987","-0.12111","0.13597","0.14264","0.12097","-0.14135","-0.11977","0.14082"
"0.14601","0.13841","0.088214","0.13633","0.14001","-0.18817","0.081992","0.13833","0.12939","0.20234","0.18041","0.1316","0.098977","0.14821","0.13195","0.13849","0.14195","0.1367","0.09507","0.092065","0.094236","0.12956","0.10332","0.080577","0.12514","0.15458","0.17196","0.06635","0.095293","0.058307","0.14804","0.12526","0.14961","0.10481","0.18796","0.15068","0.13975","0.12897","0.18972","0.067355","0.092541","0.061354","0.10408","0.055363","0.15144","0.089674","0.086919","0.1008","0.14817","0.1224","0.10267","0.16071","0.17271","0.13946","0.081303","0.10094","0.14291","0.10483","0.15359","0.12722"
"0.12255","0.0026399","-0.010833","0.10077","0.0035718","0.32286","-0.18048","-0.0063181","0.046785","0.0080234","-0.17565","-0.016057","-0.24929","-0.0077787","0.17205","0.17687","0.048889","0.086706","-0.14618","-0.23965","-0.23408","0.038619","0.031263","0.010319","0.22666","0.041923","-0.16391","-0.15635","0.065669","0.063391","0.012306","0.012418","0.050688","0.045141","-0.074266","0.1697","0.04169","-0.037874","-0.14342","-0.20201","0.015602","-0.025238","0.050078","-0.078433","0.1714","-0.020652","0.089997","-0.12792","0.18835","0.18688","-0.22103","0.057961","-0.13811","0.22483","0.10074","-0.12704","0.066487","-0.096988","0.14662","0.033068"
