"1.csv","10.csv","11.csv","12.csv","13.csv","14.csv","15.csv","16.csv","17.csv","18.csv","19.csv","2.csv","20.csv","21.csv","22.csv","23.csv","24.csv","25.csv","26.csv","27.csv","28.csv","29.csv","3.csv","30.csv","31.csv","32.csv","33.csv","34.csv","35.csv","36.csv","37.csv","38.csv","39.csv","4.csv","40.csv","41.csv","42.csv","43.csv","44.csv","45.csv","46.csv","47.csv","48.csv","49.csv","5.csv","50.csv","51.csv","52.csv","53.csv","54.csv","55.csv","56.csv","57.csv","58.csv","59.csv","6.csv","60.csv","7.csv","8.csv","9.csv"
"0.12138","0.14592","-0.14178","0.13349","0.14178","-0.033353","0.1397","0.10867","-0.13586","-0.053263","-0.037045","0.13953","0.14938","0.13627","0.1308","0.11087","-0.12989","0.12324","0.14837","0.14903","0.1485","0.13289","-0.14461","0.14001","0.13229","-0.13307","-0.12204","-0.14671","-0.14521","-0.1441","-0.13709","-0.14079","-0.13471","-0.13278","-0.090967","0.13966","-0.13622","0.056641","-0.10023","0.14369","-0.14334","-0.14564","-0.14156","-0.1467","0.14108","-0.14209","-0.14289","-0.08197","0.13015","0.1275","0.13599","-0.080277","-0.086194","0.097031","-0.12858","-0.13998","-0.11227","0.1483","0.14077","-0.14286"
"0.15891","0.12349","0.04698","0.15629","0.17148","-0.25118","0.030119","0.13265","0.14756","0.22536","0.24364","0.16269","0.023998","0.15327","0.083473","0.12194","0.10322","0.12708","0.021256","0.011829","6.0233e-05","0.1175","0.051452","-0.018728","0.072013","0.11457","0.21008","-0.053935","0.023042","-0.035746","0.1599","0.10215","0.13724","0.11031","0.26024","0.15462","0.16297","0.18565","0.25407","0.036859","0.11427","0.0089789","0.11306","-0.053554","0.15604","0.11857","0.0032992","-0.0024307","0.11631","0.097517","0.017808","0.11498","0.1444","0.1143","0.050991","0.11284","0.15005","0.070859","0.17084","0.1043"
"0.050665","-0.08865","-0.039013","0.024531","-0.089918","0.076427","-0.1933","0.046327","0.044029","-0.054817","0.020498","-0.10612","-0.02504","-0.049565","0.27546","0.24253","0.17228","0.13274","0.0097882","0.022492","0.011101","0.13109","0.034717","0.18033","0.19688","0.14538","-0.12711","0.065598","0.16299","0.13096","0.029614","-0.04961","0.13893","-0.15911","-0.11848","-0.0071569","0.0076323","-0.088977","-0.073751","-0.11467","-0.15802","-0.053393","-0.11692","0.073284","-0.0022299","-0.18043","0.18181","0.15364","0.053934","0.12663","-0.05282","0.29891","0.092183","0.32134","0.15879","-0.18615","0.15351","-0.12373","-0.10153","0.0041209"
