"1.csv","10.csv","11.csv","12.csv","13.csv","14.csv","15.csv","16.csv","17.csv","18.csv","19.csv","2.csv","20.csv","21.csv","22.csv","23.csv","24.csv","25.csv","26.csv","27.csv","28.csv","29.csv","3.csv","30.csv","31.csv","32.csv","33.csv","34.csv","35.csv","36.csv","37.csv","38.csv","39.csv","4.csv","40.csv","41.csv","42.csv","43.csv","44.csv","45.csv","46.csv","47.csv","48.csv","49.csv","5.csv","50.csv","51.csv","52.csv","53.csv","54.csv","55.csv","56.csv","57.csv","58.csv","59.csv","6.csv","60.csv","7.csv","8.csv","9.csv"
"0.12506","0.13859","-0.14085","0.12318","0.13124","-0.072256","0.13807","0.10599","-0.13543","-0.075272","-0.067916","0.13961","0.14961","0.12249","0.12797","0.10476","-0.13021","0.12589","0.14371","0.14748","0.1479","0.13125","-0.14222","0.14234","0.12908","-0.13285","-0.12644","-0.14295","-0.1427","-0.14355","-0.13635","-0.13437","-0.13164","-0.13589","-0.11272","0.13904","-0.13663","0.066893","-0.11505","0.14832","-0.14143","-0.14194","-0.1396","-0.14361","0.14082","-0.13819","-0.14324","-0.085965","0.12844","0.10807","0.13384","-0.093309","-0.10261","0.097134","-0.13489","-0.13986","-0.12765","0.14779","0.13622","-0.13744"
"0.15378","0.13626","0.090432","0.15197","0.1437","-0.16903","0.058952","0.13457","0.13975","0.18837","0.19338","0.13532","0.091186","0.14037","0.14802","0.1458","0.14152","0.14693","0.089433","0.08722","0.08147","0.14239","0.10424","0.093478","0.13671","0.14909","0.15695","0.034312","0.10562","0.077412","0.13368","0.11334","0.15474","0.11334","0.16882","0.15024","0.13261","0.13856","0.16512","0.085378","0.099728","0.045937","0.11319","0.034914","0.15039","0.099055","0.098936","0.098031","0.14736","0.14163","0.096572","0.1749","0.15647","0.15905","0.10817","0.10445","0.13934","0.099899","0.14608","0.11639"
"0.052622","0.15559","-0.043311","0.044196","0.12431","-0.026049","0.087167","-0.085886","0.11813","-0.021572","0.22741","0.2061","-0.0089695","0.13557","-0.16375","-0.13714","-0.11191","-0.037346","-0.080343","-0.1243","-0.12261","-0.087137","-0.12433","-0.12304","-0.12256","-0.10624","0.16273","-0.19324","-0.11837","-0.20444","0.040817","0.035829","0.046393","0.1668","0.11539","0.073745","0.058881","0.024712","0.128","0.039108","0.19061","0.022341","0.058616","-0.21203","0.10908","0.27043","-0.19264","-0.26271","-0.14866","0.017261","-0.13182","-0.15376","-0.043811","-0.24237","-0.17607","0.11015","0.0027626","0.060549","0.08811","-0.041202"
