"1.csv","10.csv","11.csv","12.csv","13.csv","14.csv","15.csv","16.csv","17.csv","18.csv","19.csv","2.csv","20.csv","21.csv","22.csv","23.csv","24.csv","25.csv","26.csv","27.csv","28.csv","29.csv","3.csv","30.csv","31.csv","32.csv","33.csv","34.csv","35.csv","36.csv","37.csv","38.csv","39.csv","4.csv","40.csv","41.csv","42.csv","43.csv","44.csv","45.csv","46.csv","47.csv","48.csv","49.csv","5.csv","50.csv","51.csv","52.csv","53.csv","54.csv","55.csv","56.csv","57.csv","58.csv","59.csv","6.csv","60.csv","7.csv","8.csv","9.csv"
"0.14295","0.16208","-0.1396","0.12208","0.10729","-0.017666","0.14816","0.11959","-0.13565","-0.025144","-0.057799","0.15615","0.17573","0.12948","0.16402","0.12523","-0.10598","0.15603","0.16779","0.17312","0.17487","0.15414","-0.13399","0.17386","0.15147","0.004961","-0.1295","-0.028597","-0.14972","-0.051131","-0.1205","-0.12383","-0.12697","-0.14419","-0.11162","0.16656","-0.13783","0.07074","-0.095077","0.16802","-0.15189","-0.031945","-0.14995","-0.018276","0.1658","-0.15506","-0.033563","-0.058497","0.16011","0.11031","0.16907","-0.077715","-0.075154","0.1263","-0.12554","-0.14014","-0.091571","0.16733","0.15178","-0.10932"
"-0.1005","-0.11258","-0.12255","-0.10836","-0.12759","0.085308","-0.071659","-0.10774","-0.171","-0.1749","-0.17211","-0.091291","-0.07964","-0.10076","-0.10654","-0.11051","-0.15654","-0.1055","-0.091468","-0.075024","-0.072001","-0.10206","-0.088342","-0.072825","-0.096839","-0.0055807","-0.17155","0.1817","-0.10311","0.11323","-0.17747","-0.16252","-0.17229","-0.15056","-0.18145","-0.10808","-0.16291","-0.12561","-0.17625","-0.084078","-0.11329","0.17845","-0.13954","0.17483","-0.10257","-0.14705","0.14424","-0.15197","-0.1019","-0.10321","-0.081522","-0.15072","-0.15109","-0.1181","-0.12034","-0.15041","-0.14032","-0.073142","-0.1137","-0.17421"
"0.029967","0.052067","0.11402","0.044351","0.11637","-0.11239","0.061509","0.13268","0.074628","0.014004","-0.036121","0.01497","-0.0046839","0.1416","0.041979","0.098549","0.003127","0.096999","0.039154","-0.0077496","-0.0034514","0.07372","0.10723","-0.0067454","0.052777","-0.031758","0.027952","0.36432","0.10488","0.41076","0.0080867","0.018889","0.047543","0.10177","-0.0088018","0.047712","0.058652","0.1613","-0.036087","-0.0091417","0.087473","0.35966","0.091205","0.36503","0.048084","0.08949","0.39745","-0.022451","0.040674","0.13761","0.0025117","0.034794","-0.069909","0.074602","0.066904","0.11212","-0.051558","0.01417","0.063397","-0.014024"
