"1.csv","10.csv","11.csv","12.csv","13.csv","14.csv","15.csv","16.csv","17.csv","18.csv","19.csv","2.csv","20.csv","21.csv","22.csv","23.csv","24.csv","25.csv","26.csv","27.csv","28.csv","29.csv","3.csv","30.csv","31.csv","32.csv","33.csv","34.csv","35.csv","36.csv","37.csv","38.csv","39.csv","4.csv","40.csv","41.csv","42.csv","43.csv","44.csv","45.csv","46.csv","47.csv","48.csv","49.csv","5.csv","50.csv","51.csv","52.csv","53.csv","54.csv","55.csv","56.csv","57.csv","58.csv","59.csv","6.csv","60.csv","7.csv","8.csv","9.csv"
"-0.085396","0.041566","-0.057248","0.16985","0.19184","0.099352","-0.026941","0.13125","0.081552","0.20951","0.18388","0.12362","-0.06271","-0.024938","-0.017352","0.0047465","0.15438","0.21035","0.074266","0.15455","0.11904","0.16113","-0.098585","-0.021229","0.20331","-0.12306","-0.12894","-0.13954","-0.12168","-0.035776","-0.078393","-0.1126","-0.071286","0.14324","-0.11156","0.1525","0.16877","-0.10978","-0.091344","0.19635","-0.1044","-0.1099","0.13371","-0.12203","0.16704","0.073993","0.18639","0.15548","0.16353","0.16774","-0.059029","0.12946","0.18799","-0.028727","0.1745","-0.039069","0.1154","0.1703","0.15945","-0.081628"
"0.12616","0.14459","0.12907","0.0094945","0.079697","0.12299","-0.1213","0.048626","0.11872","0.057494","0.092384","0.074236","-0.20168","-0.15773","-0.16301","-0.17223","-0.0036786","0.040704","0.13621","0.10735","-0.034537","0.025269","0.16971","-0.14784","0.016773","0.18307","0.12309","0.18206","0.21692","0.19318","0.19856","0.17908","0.19191","0.045768","0.17626","0.034557","0.13109","0.19905","0.15538","0.023933","0.11583","0.1914","0.051132","0.14628","0.12627","0.039814","0.069097","0.094448","0.088959","-0.063625","0.15892","-0.07638","0.10284","-0.17045","0.036593","0.12789","0.12503","0.080658","0.10459","0.20247"
"0.12667","0.13508","0.21653","-0.080794","-0.013678","0.089821","0.021104","0.23521","0.12927","0.0978","-0.039008","0.27346","0.15633","0.044526","0.2176","0.19201","0.0045052","-0.042856","0.017239","-0.25545","0.16986","-0.087651","0.11013","0.15579","-0.046012","-0.053909","0.058851","0.030093","-0.0439","-0.032974","0.064103","0.028443","-0.080887","0.17788","0.088946","0.048866","-0.055406","0.054228","0.12823","-0.061885","0.039031","0.0094755","0.25004","0.056436","0.066646","0.23183","-0.0058081","-0.099915","-0.13836","0.10482","-0.11836","0.21505","0.033036","0.14189","-0.099904","0.28905","-0.21538","0.099072","0.051713","0.055435"
