"1.csv","10.csv","11.csv","12.csv","13.csv","14.csv","15.csv","16.csv","17.csv","18.csv","19.csv","2.csv","20.csv","21.csv","22.csv","23.csv","24.csv","25.csv","26.csv","27.csv","28.csv","29.csv","3.csv","30.csv","31.csv","32.csv","33.csv","34.csv","35.csv","36.csv","37.csv","38.csv","39.csv","4.csv","40.csv","41.csv","42.csv","43.csv","44.csv","45.csv","46.csv","47.csv","48.csv","49.csv","5.csv","50.csv","51.csv","52.csv","53.csv","54.csv","55.csv","56.csv","57.csv","58.csv","59.csv","6.csv","60.csv","7.csv","8.csv","9.csv"
"0.19578","0.11122","0.16555","0.019089","-0.021995","0.067025","-0.064907","0.079879","0.082562","0.035705","0.0085687","0.1089","-0.13729","-0.13998","-0.1247","-0.1657","-0.11088","-0.035912","0.042536","0.027856","-0.12422","-0.029548","0.19879","-0.14899","-0.027081","0.20643","0.2223","0.20387","0.21081","0.15946","0.18148","0.1942","0.18983","0.093179","0.20835","0.056573","0.011655","0.18333","0.18234","-0.014148","0.16341","0.18279","0.098102","0.18767","0.093974","0.1163","0.011956","-0.025379","0.026457","-0.070257","0.13549","-0.13404","-0.0031361","-0.16504","-0.093478","0.16358","0.027503","0.076881","0.045154","0.18817"
"-0.037424","0.10706","-0.00037158","0.18064","0.22263","0.13638","-0.018862","0.16161","0.13444","0.19759","0.21966","0.13821","-0.081161","-0.056015","-0.10064","-0.081109","0.13861","0.22207","0.11804","0.17147","0.059279","0.1641","-0.049468","-0.062433","0.22295","-0.040377","-0.086526","-0.07261","-0.068365","-0.0035285","-0.034945","-0.047417","-0.051128","0.15867","-0.056633","0.16821","0.20753","-0.046198","-0.041627","0.197","-0.07214","-0.053813","0.1417","-0.024237","0.16161","0.081116","0.18724","0.18062","0.16594","0.14413","-0.0072355","0.090797","0.20165","-0.083121","0.16473","0.0073359","0.15987","0.16517","0.1718","-0.012763"
"0.021316","-0.08886","-0.14675","0.058794","0.069258","-0.055521","-0.079423","-0.22241","-0.089426","-0.14815","-0.048866","-0.21795","-0.037642","-0.00075595","-0.036888","-0.00018617","-0.079184","0.079191","0.042469","0.30328","0.092464","0.19494","0.046114","-0.17279","0.066096","0.027326","0.036593","0.085263","0.018186","-0.013791","0.07789","0.051233","0.095716","-0.17158","0.027552","-0.18336","-0.0035313","0.006932","-0.081991","0.099422","0.15504","0.13415","-0.17909","-0.027448","-0.15576","-0.17706","0.19871","0.16348","0.25904","0.085902","0.29279","-0.080453","-0.046198","-0.01228","0.10615","-0.18568","0.2737","-0.13676","-0.12747","0.0412"
