"1.csv","10.csv","11.csv","12.csv","13.csv","14.csv","15.csv","16.csv","17.csv","18.csv","19.csv","2.csv","20.csv","21.csv","22.csv","23.csv","24.csv","25.csv","26.csv","27.csv","28.csv","29.csv","3.csv","30.csv","31.csv","32.csv","33.csv","34.csv","35.csv","36.csv","37.csv","38.csv","39.csv","4.csv","40.csv","41.csv","42.csv","43.csv","44.csv","45.csv","46.csv","47.csv","48.csv","49.csv","5.csv","50.csv","51.csv","52.csv","53.csv","54.csv","55.csv","56.csv","57.csv","58.csv","59.csv","6.csv","60.csv","7.csv","8.csv","9.csv"
"0.14904","0.14479","0.15239","0.1463","0.13209","0.12742","-0.060458","0.15063","0.12447","0.12812","0.12707","0.15061","-0.13917","-0.098738","-0.14724","-0.14364","0.037696","0.11173","0.10658","0.13094","-0.034564","0.052245","0.15972","-0.13192","0.10424","0.011624","0.14866","0.15403","0.14548","0.11955","0.13753","0.14845","0.14598","0.15421","0.15276","0.14642","0.1334","0.13788","0.14945","0.12566","0.14641","0.14661","0.14307","0.15263","0.14216","0.14689","0.12119","0.092659","0.13237","0.030355","0.13671","-0.034375","0.095043","-0.13872","0.057375","0.15153","0.12827","0.1441","0.13098","0.15413"
"-0.20015","0.11447","-0.13298","0.041129","0.080419","0.1602","0.01194","-0.081317","0.17141","0.10778","0.1594","-0.1145","0.06091","0.10981","0.097061","0.1015","0.1501","0.16584","0.14749","0.13567","0.14737","0.1605","-0.11199","0.082768","0.15647","-0.032522","-0.18347","-0.12405","0.013878","0.078333","0.12991","-0.12842","0.062284","-0.15772","-0.17201","0.0627","0.090735","0.058361","-0.11835","0.10896","-0.09903","-0.088479","-0.092612","-0.1231","0.094322","-0.15487","0.13586","0.17812","0.12733","0.15807","0.15522","0.17015","0.18452","0.12269","0.23249","-0.12103","0.16284","0.026165","0.15751","-0.11808"
"0.001282","-0.055948","0.12983","0.065353","0.10749","-0.034571","0.087924","0.20191","0.068788","0.17958","0.065779","0.22303","0.22652","0.17889","0.13626","0.132","0.24224","0.10417","-0.1492","-0.11804","0.057506","-0.0030289","-0.045773","0.33073","0.12839","-0.13536","0.0074796","-0.010965","-0.13748","-0.068189","-0.11792","0.024173","-0.18209","0.19891","-0.029559","0.091022","0.10662","-0.081423","0.06579","0.089545","-0.094085","-0.00557","0.23111","0.083397","0.087205","0.1122","-0.015731","-0.072109","-0.09418","0.086091","-0.18629","0.17273","0.062671","0.16583","-0.027953","0.17756","-0.2107","0.116","0.01408","0.029691"
