"1.csv","10.csv","11.csv","12.csv","13.csv","14.csv","15.csv","16.csv","17.csv","18.csv","19.csv","2.csv","20.csv","21.csv","22.csv","23.csv","24.csv","25.csv","26.csv","27.csv","28.csv","29.csv","3.csv","30.csv","31.csv","32.csv","33.csv","34.csv","35.csv","36.csv","37.csv","38.csv","39.csv","4.csv","40.csv","41.csv","42.csv","43.csv","44.csv","45.csv","46.csv","47.csv","48.csv","49.csv","5.csv","50.csv","51.csv","52.csv","53.csv","54.csv","55.csv","56.csv","57.csv","58.csv","59.csv","6.csv","60.csv","7.csv","8.csv","9.csv"
"0.15378","0.13868","0.15203","0.13638","0.12366","0.11544","-0.10466","0.15056","0.11287","0.12316","0.11917","0.14731","-0.15473","-0.13484","-0.15404","-0.15912","0.016028","0.092028","0.10293","0.11592","-0.063308","0.042679","0.15967","-0.13811","0.093532","0.14053","0.15325","0.15602","0.14717","0.11549","0.13394","0.154","0.14666","0.15229","0.15478","0.14176","0.12786","0.13494","0.15434","0.11339","0.14422","0.14754","0.14053","0.15229","0.13582","0.14727","0.10763","0.081961","0.1194","0.015569","0.12248","-0.068726","0.082996","-0.15007","0.03977","0.15176","0.1116","0.13794","0.11988","0.15498"
"-0.19425","0.1224","-0.12435","0.042796","0.091863","0.17274","0.0085235","-0.070155","0.18132","0.092951","0.16924","-0.12025","0.029474","0.097962","0.0736","0.047819","0.13023","0.17243","0.15889","0.14923","0.12966","0.16014","-0.099192","0.058855","0.15752","0.0070425","-0.18198","-0.11605","0.019058","0.094256","0.14384","-0.12546","0.082098","-0.16481","-0.17037","0.067065","0.10666","0.056439","-0.11153","0.10622","-0.09728","-0.092133","-0.093965","-0.095223","0.096729","-0.15607","0.14625","0.18549","0.14234","0.15274","0.16214","0.14825","0.19293","0.092006","0.23942","-0.12253","0.18303","0.016884","0.16828","-0.11742"
"-0.078804","-0.041453","0.12099","0.088387","0.12466","-0.0063598","0.047238","0.20491","0.12087","0.21762","0.10199","0.2281","0.08906","0.047244","-0.0086615","0.010414","0.25907","0.15018","-0.14639","-0.14038","-0.057907","-0.04079","-0.10957","0.24382","0.16636","-0.1239","-0.077802","-0.091726","-0.18398","-0.061066","-0.12447","-0.053856","-0.19453","0.19281","-0.10248","0.11825","0.12118","-0.09516","0.027368","0.10657","-0.14676","-0.077181","0.24226","0.036896","0.12626","0.10212","-0.0579","-0.064254","-0.11101","0.017762","-0.2043","0.1323","0.11061","0.02373","-0.04361","0.18517","-0.22031","0.13991","0.08123","-0.044806"
