"1.csv","10.csv","11.csv","12.csv","13.csv","14.csv","15.csv","16.csv","17.csv","18.csv","19.csv","2.csv","20.csv","21.csv","22.csv","23.csv","24.csv","25.csv","26.csv","27.csv","28.csv","29.csv","3.csv","30.csv","31.csv","32.csv","33.csv","34.csv","35.csv","36.csv","37.csv","38.csv","39.csv","4.csv","40.csv","41.csv","42.csv","43.csv","44.csv","45.csv","46.csv","47.csv","48.csv","49.csv","5.csv","50.csv","51.csv","52.csv","53.csv","54.csv","55.csv","56.csv","57.csv","58.csv","59.csv","6.csv","60.csv","7.csv","8.csv","9.csv"
"0.18792","0.12053","0.17367","0.049172","0.029409","0.063853","-0.068572","0.12347","0.088928","0.06872","0.048229","0.13648","-0.13631","-0.13686","-0.13655","-0.15834","-0.087384","-0.0058634","0.044753","0.042186","-0.1237","-0.019865","0.1989","-0.15882","-0.011154","0.079665","0.20778","0.20984","0.19717","0.13259","0.16825","0.19662","0.17058","0.12085","0.20963","0.090552","0.063317","0.18459","0.19308","0.011062","0.16382","0.18583","0.12027","0.19391","0.11421","0.14406","0.028275","-0.0011063","0.039809","-0.044503","0.097871","-0.12281","0.023407","-0.17213","-0.065187","0.17139","0.039633","0.114","0.072863","0.19434"
"-0.071682","0.10951","-0.05016","0.16589","0.20317","0.14532","-0.041178","0.13613","0.13104","0.19197","0.19981","0.10846","-0.061158","-0.01123","-0.06426","-0.040402","0.17212","0.21849","0.13004","0.18565","0.1192","0.18551","-0.063123","-0.03761","0.22042","0.00016073","-0.11573","-0.093365","-0.087934","-0.012732","-0.023325","-0.067023","-0.05001","0.12197","-0.084885","0.16159","0.17766","-0.071769","-0.076344","0.19665","-0.093503","-0.087948","0.11188","-0.048083","0.15737","0.062338","0.19881","0.18308","0.18164","0.16068","-0.0065603","0.12962","0.18835","-0.037666","0.18278","-0.029885","0.16348","0.15108","0.16302","-0.024575"
"-0.075619","0.04047","-0.16169","-0.037578","0.018481","0.059206","-0.054824","-0.25379","0.072968","-0.087794","0.043787","-0.27282","-0.094432","-0.043473","0.0066347","-0.042443","-0.11113","0.069923","0.10973","0.20238","0.023479","0.066883","0.018988","-0.086172","0.017254","0.023181","0.00054111","0.075038","0.13482","0.15066","0.18439","-0.010401","0.23285","-0.28114","-0.034643","-0.099305","0.016516","0.12334","-0.10699","-0.038434","0.1089","0.076192","-0.23896","-0.038807","-0.075525","-0.25404","0.084672","0.17868","0.11462","-0.05575","0.29675","-0.067244","0.027847","-0.049505","0.12082","-0.21631","0.26982","-0.13762","0.044469","-0.042322"
