"1.csv","10.csv","11.csv","12.csv","13.csv","14.csv","15.csv","16.csv","17.csv","18.csv","19.csv","2.csv","20.csv","21.csv","22.csv","23.csv","24.csv","25.csv","26.csv","27.csv","28.csv","29.csv","3.csv","30.csv","31.csv","32.csv","33.csv","34.csv","35.csv","36.csv","37.csv","38.csv","39.csv","4.csv","40.csv","41.csv","42.csv","43.csv","44.csv","45.csv","46.csv","47.csv","48.csv","49.csv","5.csv","50.csv","51.csv","52.csv","53.csv","54.csv","55.csv","56.csv","57.csv","58.csv","59.csv","6.csv","60.csv","7.csv","8.csv","9.csv"
"0.19116","0.11181","0.17337","0.026484","0.012923","0.052221","-0.070562","0.10987","0.077648","0.05089","0.030087","0.11556","-0.12403","-0.13802","-0.12358","-0.14781","-0.09862","-0.020953","0.037883","0.028766","-0.12362","-0.031162","0.20246","-0.14419","-0.024751","0.19989","0.2109","0.21477","0.20329","0.1445","0.17027","0.20339","0.17501","0.098969","0.21125","0.074903","0.043831","0.19068","0.19892","-0.009509","0.16655","0.19373","0.099353","0.20072","0.10246","0.12459","0.010244","-0.005059","0.020084","-0.055901","0.10048","-0.12607","0.00611","-0.15834","-0.073501","0.17219","0.026716","0.093758","0.05091","0.19918"
"-0.057778","0.11221","-0.030846","0.1719","0.20905","0.14047","-0.063224","0.14409","0.13204","0.19386","0.20498","0.12712","-0.084755","-0.044901","-0.08653","-0.078508","0.14937","0.21667","0.13402","0.18983","0.087055","0.17587","-0.054383","-0.06373","0.21812","-0.049315","-0.094749","-0.074799","-0.074146","-0.011512","-0.018181","-0.055597","-0.041628","0.13308","-0.071229","0.16219","0.18386","-0.057022","-0.061295","0.19503","-0.075525","-0.065699","0.12437","-0.035105","0.15828","0.078692","0.20095","0.18556","0.18088","0.15395","-0.0078603","0.096854","0.19286","-0.070288","0.17189","-0.0093025","0.17241","0.16109","0.17552","-0.019038"
"0.061497","-0.025194","0.15276","0.040892","-0.035213","-0.051504","0.052217","0.25482","-0.059465","0.078306","-0.054716","0.28127","0.088746","0.013009","-0.025308","0.032129","0.09619","-0.086251","-0.098036","-0.19943","-0.040413","-0.075159","-0.024593","0.052228","-0.040697","-0.091838","0.0090703","-0.059634","-0.13381","-0.16062","-0.19167","0.0037708","-0.21845","0.29462","0.034961","0.11931","-0.050181","-0.11944","0.095008","0.023517","-0.085501","-0.071251","0.24534","0.024839","0.077458","0.26663","-0.10382","-0.19319","-0.11675","0.038672","-0.28578","0.055124","-0.02353","0.021583","-0.125","0.21615","-0.25019","0.15865","-0.011419","0.02878"
