"1.csv","10.csv","11.csv","12.csv","13.csv","14.csv","15.csv","16.csv","17.csv","18.csv","19.csv","2.csv","20.csv","21.csv","22.csv","23.csv","24.csv","25.csv","26.csv","27.csv","28.csv","29.csv","3.csv","30.csv","31.csv","32.csv","33.csv","34.csv","35.csv","36.csv","37.csv","38.csv","39.csv","4.csv","40.csv","41.csv","42.csv","43.csv","44.csv","45.csv","46.csv","47.csv","48.csv","49.csv","5.csv","50.csv","51.csv","52.csv","53.csv","54.csv","55.csv","56.csv","57.csv","58.csv","59.csv","6.csv","60.csv","7.csv","8.csv","9.csv"
"0.17833","0.11422","0.18325","0.13108","0.10079","0.069017","-0.1417","0.15959","0.067786","0.082962","0.08426","0.15317","-0.17423","-0.17218","-0.17799","-0.1744","-0.046981","0.054449","0.065192","0.084277","-0.12065","-0.0011997","0.18003","-0.14579","0.034979","0.12247","0.17701","0.17536","0.12817","0.086752","0.10718","0.17465","0.12806","0.16703","0.165","0.13735","0.10458","0.11626","0.16377","0.089452","0.15041","0.16969","0.14979","0.17942","0.10205","0.16726","0.063086","0.041051","0.087425","-0.045034","0.087997","-0.12598","0.038222","-0.18216","-0.018875","0.16586","0.079716","0.12277","0.088647","0.16106"
"-0.14749","0.16584","-0.12365","0.041859","0.11164","0.20353","-0.004013","-0.075821","0.20413","0.14189","0.18723","-0.091365","-0.0073441","0.056162","0.040594","0.0006361","0.10822","0.18272","0.1857","0.16723","0.091979","0.12389","-0.093524","0.010331","0.16506","0.086591","-0.14213","-0.11223","0.11448","0.13628","0.17513","-0.08248","0.13588","-0.12598","-0.11529","0.085775","0.12026","0.13153","-0.08686","0.094042","-0.041256","-0.067859","-0.082216","-0.087056","0.1422","-0.12672","0.15583","0.17071","0.16838","0.11789","0.19649","0.090884","0.19875","0.047216","0.21468","-0.091868","0.19976","0.045905","0.19573","-0.088901"
"-0.041677","-0.0070624","0.14456","0.11272","0.16694","0.0072025","0.066139","0.19907","0.10225","0.24556","0.1374","0.20865","0.097253","0.081852","0.0056064","0.032228","0.25927","0.14521","-0.14086","-0.091225","-0.01634","0.044745","-0.12343","0.24251","0.21625","-0.10622","-0.033788","-0.048214","-0.19672","-0.011661","-0.10989","-0.025699","-0.19442","0.14617","-0.085316","0.098158","0.15195","-0.15756","0.015797","0.17421","-0.17449","-0.072469","0.24059","0.092701","0.12917","0.091442","0.039782","-0.080312","-0.07353","0.069658","-0.18079","0.13235","0.089887","0.046773","-0.029149","0.14147","-0.20512","0.11179","0.019599","0.0053906"
