"1.csv","10.csv","11.csv","12.csv","13.csv","14.csv","15.csv","16.csv","17.csv","18.csv","19.csv","2.csv","20.csv","21.csv","22.csv","23.csv","24.csv","25.csv","26.csv","27.csv","28.csv","29.csv","3.csv","30.csv","31.csv","32.csv","33.csv","34.csv","35.csv","36.csv","37.csv","38.csv","39.csv","4.csv","40.csv","41.csv","42.csv","43.csv","44.csv","45.csv","46.csv","47.csv","48.csv","49.csv","5.csv","50.csv","51.csv","52.csv","53.csv","54.csv","55.csv","56.csv","57.csv","58.csv","59.csv","6.csv","60.csv","7.csv","8.csv","9.csv"
"0.20299","0.08476","0.18332","0.023304","-0.026739","0.018373","-0.10131","0.088483","0.040964","0.013485","-0.026431","0.12255","-0.12556","-0.13948","-0.11683","-0.15936","-0.12627","-0.074503","0.0019201","-0.013922","-0.15796","-0.063533","0.20096","-0.13335","-0.063457","0.19947","0.22031","0.20478","0.18726","0.11505","0.137","0.21664","0.15037","0.087053","0.21948","0.031573","0.011327","0.17207","0.20279","-0.049645","0.1649","0.17362","0.10443","0.19811","0.078405","0.11546","-0.025085","-0.07121","-0.024533","-0.093497","0.072489","-0.16139","-0.03468","-0.15474","-0.13246","0.1761","-0.025357","0.091444","0.0087854","0.20138"
"-0.028365","0.11915","0.0029868","0.16974","0.21883","0.13795","-0.083064","0.16548","0.12239","0.21578","0.21375","0.12677","-0.12","-0.087658","-0.12656","-0.13436","0.12152","0.21782","0.11669","0.18741","0.033384","0.14942","-0.030415","-0.087102","0.22357","-0.0099875","-0.058872","-0.039932","-0.043427","0.034817","0.0031455","-0.022074","-0.02114","0.1355","-0.038115","0.19876","0.1934","-0.029025","-0.044935","0.19924","-0.067659","-0.037194","0.12165","0.011313","0.19004","0.076964","0.19819","0.16994","0.17532","0.11396","-0.00067289","0.052943","0.18131","-0.12008","0.13727","0.025959","0.16503","0.18008","0.17327","0.0071312"
"-0.073393","0.052894","-0.15497","-0.090338","-0.032984","0.082423","-0.020575","-0.20451","0.12014","-0.10933","0.046552","-0.25797","-0.05321","-0.041022","0.015409","-0.047796","-0.10396","0.051215","0.18344","0.15506","0.038347","0.076948","0.066487","-0.097498","0.0015518","0.10273","-0.0069813","0.0899","0.16616","0.14347","0.25532","0.0052336","0.26814","-0.27418","-0.039636","-0.085358","-0.015921","0.13251","-0.079996","-0.034258","0.069318","0.087731","-0.2134","-0.0028073","-0.070334","-0.25168","0.048958","0.19007","0.11002","-0.05457","0.27594","-0.008379","0.086788","-0.025289","0.13498","-0.18746","0.25105","-0.10807","0.093209","-0.020751"
