"1.csv","10.csv","11.csv","12.csv","13.csv","14.csv","15.csv","16.csv","17.csv","18.csv","19.csv","2.csv","20.csv","21.csv","22.csv","23.csv","24.csv","25.csv","26.csv","27.csv","28.csv","29.csv","3.csv","30.csv","31.csv","32.csv","33.csv","34.csv","35.csv","36.csv","37.csv","38.csv","39.csv","4.csv","40.csv","41.csv","42.csv","43.csv","44.csv","45.csv","46.csv","47.csv","48.csv","49.csv","5.csv","50.csv","51.csv","52.csv","53.csv","54.csv","55.csv","56.csv","57.csv","58.csv","59.csv","6.csv","60.csv","7.csv","8.csv","9.csv"
"-0.14593","-0.14574","-0.14711","-0.12725","-0.11612","-0.13166","0.081107","-0.14295","-0.1283","-0.13293","-0.12681","-0.14679","0.15819","0.13264","0.15681","0.16103","-0.022426","-0.085233","-0.11138","-0.12062","0.040705","-0.055439","-0.14925","0.14576","-0.099621","-0.14132","-0.15234","-0.14298","-0.14646","-0.12414","-0.13482","-0.14405","-0.14673","-0.15171","-0.15309","-0.13478","-0.12842","-0.13317","-0.14729","-0.11368","-0.1454","-0.1359","-0.13507","-0.14654","-0.14558","-0.14159","-0.11817","-0.0843","-0.11697","-0.024813","-0.13011","0.043024","-0.10086","0.16226","-0.050046","-0.15371","-0.11686","-0.13652","-0.131","-0.151"
"-0.19943","0.046669","0.033503","0.11916","0.19056","0.1113","0.070348","0.074233","0.19471","0.14326","0.19812","0.050485","0.10489","0.13981","0.045393","0.095159","0.25359","0.23602","0.010807","0.0038519","0.098901","0.097399","-0.11023","0.19035","0.22689","-0.12765","-0.19546","-0.10263","-0.13153","0.036423","-0.013709","-0.10065","-0.10666","0.0064254","-0.17919","0.13622","0.17263","-0.012653","-0.052381","0.16388","-0.14691","-0.088337","0.10595","0.0011922","0.09907","-0.04627","0.032572","0.12975","0.0092905","0.1534","-0.05977","0.23327","0.2157","0.10288","0.16069","0.014894","0.0063785","0.077809","0.16926","-0.12965"
"-0.032909","0.034662","-0.18833","-0.033696","-0.028446","0.1","-0.037314","-0.18969","-0.0013645","-0.13589","0.0063105","-0.21502","0.026618","0.040196","0.088539","0.079649","-0.049573","0.034342","0.17786","0.24239","0.22805","0.24598","0.081887","-0.14005","-0.011347","0.030384","-0.041189","0.089801","0.053062","0.03331","0.14651","0.013744","0.11111","-0.22572","0.0036151","-0.11818","-0.055477","0.086882","-0.07811","0.02072","0.087169","0.085996","-0.19532","-0.050267","-0.093415","-0.14881","0.20455","0.15642","0.16828","0.16741","0.22839","0.07878","0.064853","0.09086","0.23839","-0.21111","0.272","-0.10607","0.0035727","0.036438"
