"1.csv","10.csv","11.csv","12.csv","13.csv","14.csv","15.csv","16.csv","17.csv","18.csv","19.csv","2.csv","20.csv","21.csv","22.csv","23.csv","24.csv","25.csv","26.csv","27.csv","28.csv","29.csv","3.csv","30.csv","31.csv","32.csv","33.csv","34.csv","35.csv","36.csv","37.csv","38.csv","39.csv","4.csv","40.csv","41.csv","42.csv","43.csv","44.csv","45.csv","46.csv","47.csv","48.csv","49.csv","5.csv","50.csv","51.csv","52.csv","53.csv","54.csv","55.csv","56.csv","57.csv","58.csv","59.csv","6.csv","60.csv","7.csv","8.csv","9.csv"
"0.1793","0.084989","0.13356","0.072061","0.16719","0.11709","0.086707","0.10114","0.18152","0.18596","0.19521","0.18281","0.11424","0.031582","-0.0015134","-0.07178","0.063226","-0.036505","0.16438","-0.0512","-0.085477","0.054472","0.14935","-0.096089","-0.024503","0.16789","0.11476","0.1174","0.16211","0.18177","0.18755","0.19946","0.15258","0.11013","0.14105","0.17955","0.20772","0.14174","0.19411","0.13548","0.10704","0.1777","0.082463","0.11001","0.1065","0.1486","0.16172","-0.03867","-0.072415","-0.070939","-0.037715","0.040816","0.086394","-0.053003","0.043177","0.095537","0.062736","0.1426","0.17766","0.18119"
"-0.10863","0.1675","-0.10321","0.096561","0.098603","0.074586","-0.16697","-0.080426","0.0305","0.011752","0.021408","-0.19202","0.14776","0.16198","0.14511","0.17647","0.2069","0.20205","0.055585","0.11827","0.19681","0.14913","0.059679","0.27776","0.19212","-0.17975","0.044384","-0.012812","0.10801","-0.014832","0.03732","-0.12027","0.10552","0.17272","0.085224","0.0026149","-0.10044","0.0054152","0.0059232","-0.0078291","0.16415","0.092992","0.1114","0.015174","0.020846","0.066435","0.091808","0.12839","0.26233","0.16422","0.15424","0.12322","0.13384","0.23174","0.039078","0.17218","0.15685","-0.10798","-0.0085629","0.0070711"
"-0.015651","-0.1645","-0.029959","0.11034","-0.097748","0.15376","-0.026711","-0.15598","0.052464","0.041653","0.045319","-0.0057792","-0.11333","-0.23443","0.29706","-0.17108","-0.00086344","0.04462","0.016636","0.21196","0.135","-0.23892","0.14719","-0.000403","-0.20917","-0.074096","-0.027318","0.05782","-0.097396","0.024093","0.05945","-0.0039767","-0.05943","-0.010476","0.15102","0.046753","0.0080057","0.027653","0.044119","0.16096","0.013883","-0.10765","0.093775","0.070434","-0.029444","0.16844","-0.13286","-0.27862","0.060792","0.19121","0.20635","0.28434","-0.23118","0.12136","-0.055828","-0.023741","-0.21844","0.06523","0.037459","0.04582"
