"1.csv","10.csv","11.csv","12.csv","13.csv","14.csv","15.csv","16.csv","17.csv","18.csv","19.csv","2.csv","20.csv","21.csv","22.csv","23.csv","24.csv","25.csv","26.csv","27.csv","28.csv","29.csv","3.csv","30.csv","31.csv","32.csv","33.csv","34.csv","35.csv","36.csv","37.csv","38.csv","39.csv","4.csv","40.csv","41.csv","42.csv","43.csv","44.csv","45.csv","46.csv","47.csv","48.csv","49.csv","5.csv","50.csv","51.csv","52.csv","53.csv","54.csv","55.csv","56.csv","57.csv","58.csv","59.csv","6.csv","60.csv","7.csv","8.csv","9.csv"
"0.20581","0.059552","0.16802","0.014539","0.13099","0.093383","0.034805","0.1611","0.12241","0.1758","0.12766","0.20598","0.0014536","-0.019127","-0.0079316","-0.077868","-0.065973","0.014056","0.091209","-0.082477","-0.04487","-0.047264","0.19518","-0.12349","-0.0061394","0.1559","0.18737","0.17837","0.1764","0.13161","0.16123","0.17017","0.10199","0.13086","0.21053","0.1424","0.11432","0.14459","0.20114","0.061303","0.13978","0.17643","0.17881","0.18196","0.021594","0.17743","0.044884","-0.063759","-0.089739","-0.10865","-0.13268","0.020462","0.0098994","-0.060605","-0.056509","0.19713","-0.098691","0.14544","0.12192","0.18979"
"-0.033256","0.16566","-0.10291","0.013982","0.089157","0.14678","-0.037979","-0.0083482","0.098881","0.096194","0.11808","-0.10023","0.17801","0.15885","0.0096498","0.10244","0.2334","0.12388","0.086601","0.17532","0.17994","0.28346","0.026907","0.23966","0.2264","0.090159","-0.031195","0.0067016","0.088268","0.16373","0.1145","0.067226","0.10522","-0.040049","-0.044847","0.14248","0.078704","0.11488","-0.0001661","0.18515","-0.034579","0.010421","0.017513","0.032416","0.092672","-0.13874","0.22126","0.12376","0.063269","0.14342","0.18299","0.15924","0.16064","0.12182","0.092106","-0.078746","0.26791","0.071213","0.16725","-0.023684"
"-0.020375","0.20276","0.01651","0.28444","-0.014927","-0.034568","-0.1149","0.0090114","0.004274","0.0055354","0.042551","-0.0037183","-0.13394","0.12015","-0.26751","0.075517","-0.2176","-0.14344","0.0075108","0.1934","-0.3031","-0.095453","0.017566","-0.20469","0.060803","0.056189","-0.033004","0.061322","0.011691","-0.035206","0.027055","0.01609","-0.052422","0.0763","-0.010433","0.0046011","-0.057552","-0.0099271","0.015459","-0.0094301","0.052373","-0.014089","-0.057992","0.050236","0.34121","-0.065912","-0.059497","0.12414","0.074452","0.12023","0.12935","-0.17441","0.27547","-0.28995","0.29335","-0.014872","0.10274","-0.054491","-0.0094397","0.021403"
