"1.csv","10.csv","11.csv","12.csv","13.csv","14.csv","15.csv","16.csv","17.csv","18.csv","19.csv","2.csv","20.csv","21.csv","22.csv","23.csv","24.csv","25.csv","26.csv","27.csv","28.csv","29.csv","3.csv","30.csv","31.csv","32.csv","33.csv","34.csv","35.csv","36.csv","37.csv","38.csv","39.csv","4.csv","40.csv","41.csv","42.csv","43.csv","44.csv","45.csv","46.csv","47.csv","48.csv","49.csv","5.csv","50.csv","51.csv","52.csv","53.csv","54.csv","55.csv","56.csv","57.csv","58.csv","59.csv","6.csv","60.csv","7.csv","8.csv","9.csv"
"0.19792","0.040565","0.16089","0.0045977","0.12901","0.060015","-0.0056573","0.14902","0.085322","0.18711","0.11606","0.20006","0.0025205","-0.016713","-0.0059205","-0.10603","-0.071413","-0.01749","0.077601","-0.12166","-0.055636","-0.045069","0.19783","-0.13297","-0.032985","0.17815","0.1802","0.16784","0.17315","0.12777","0.14863","0.16915","0.087565","0.11579","0.20556","0.15809","0.11925","0.14072","0.19382","0.048793","0.1429","0.17718","0.17696","0.18069","0.016352","0.17025","0.056843","-0.070229","-0.1056","-0.14096","-0.16023","0.013772","-0.021517","-0.068575","-0.10554","0.18279","-0.11015","0.14932","0.10742","0.19166"
"0.001781","0.05864","-0.13708","-0.11881","0.10667","0.17007","0.099481","-0.047749","0.16235","0.047886","0.12992","-0.089674","0.20475","0.022677","0.12917","0.10077","0.30057","0.15919","0.10204","0.048967","0.27983","0.29198","0.017691","0.27655","0.1931","0.023756","0.017358","-0.060223","0.071619","0.15014","0.1239","0.044372","0.17069","-0.033505","-0.0063119","0.077851","0.095278","0.076913","0.028715","0.18313","-0.0073703","0.046545","0.037583","-0.023447","-0.11423","-0.041315","0.1884","0.007822","0.042449","0.06848","0.10961","0.22263","0.038536","0.22858","-0.054726","-0.033524","0.17243","0.081992","0.17163","-0.025992"
"-0.041312","0.2651","0.001119","0.23801","0.034551","-0.00541","-0.2405","0.096104","-0.078702","0.078914","-0.030414","-0.060111","-0.067069","0.16265","-0.1815","0.15235","-0.012308","0.035535","0.0048166","0.26811","-0.13773","0.038126","0.091309","0.0026234","0.1904","0.029212","-0.040391","0.15846","0.068106","0.050694","0.070053","0.071045","-0.042219","0.09269","-0.0019924","0.1199","-0.068002","0.1061","0.050267","0.0014086","0.053662","0.045615","0.0082669","0.10345","0.35397","-0.1363","0.070234","0.21237","0.14651","0.18484","0.19947","-0.059405","0.24149","-0.10739","0.21819","-0.026975","0.19502","0.036348","0.025642","0.077237"
