"1.csv","10.csv","11.csv","12.csv","13.csv","14.csv","15.csv","16.csv","17.csv","18.csv","19.csv","2.csv","20.csv","21.csv","22.csv","23.csv","24.csv","25.csv","26.csv","27.csv","28.csv","29.csv","3.csv","30.csv","31.csv","32.csv","33.csv","34.csv","35.csv","36.csv","37.csv","38.csv","39.csv","4.csv","40.csv","41.csv","42.csv","43.csv","44.csv","45.csv","46.csv","47.csv","48.csv","49.csv","5.csv","50.csv","51.csv","52.csv","53.csv","54.csv","55.csv","56.csv","57.csv","58.csv","59.csv","6.csv","60.csv","7.csv","8.csv","9.csv"
"0.20579","0.062489","0.17173","0.013679","0.12341","0.098187","0.03293","0.16108","0.12301","0.17645","0.12575","0.20389","-0.0019375","-0.014589","-0.013679","-0.07862","-0.060752","0.016607","0.087098","-0.080586","-0.039583","-0.041829","0.19459","-0.11889","0.0016904","0.17976","0.18718","0.18065","0.17655","0.13408","0.15945","0.17466","0.10037","0.12683","0.20851","0.14299","0.11692","0.14682","0.19922","0.068518","0.13799","0.17801","0.17521","0.18573","0.024715","0.17029","0.052767","-0.055758","-0.092019","-0.10633","-0.12822","0.021107","0.010083","-0.057305","-0.056624","0.19448","-0.093638","0.14754","0.12251","0.1891"
"-0.056856","0.18266","-0.086206","0.046645","0.10219","0.13703","-0.055814","-0.010427","0.096824","0.097437","0.12321","-0.10766","0.17449","0.16848","-0.0080603","0.10662","0.20751","0.11852","0.09506","0.18257","0.15821","0.28031","0.024178","0.22649","0.22184","0.073738","-0.050387","0.017615","0.092997","0.16178","0.10983","0.057559","0.096741","-0.039342","-0.054245","0.14564","0.081124","0.11724","-0.0020788","0.17577","-0.043585","0.0092664","0.0031858","0.033483","0.12472","-0.15098","0.20775","0.13121","0.074259","0.15938","0.19783","0.14712","0.17997","0.09917","0.094541","-0.079144","0.27415","0.058748","0.1629","-0.019799"
"-0.022756","0.18802","0.015992","0.30062","-0.021194","-0.064562","-0.15135","0.018656","-0.046672","-0.0028183","-0.0080558","0.0058132","-0.16516","0.096934","-0.25137","0.083656","-0.20637","-0.12524","0.0041142","0.21992","-0.29459","-0.13171","0.037793","-0.21643","0.059046","-0.0028002","-0.025254","0.079388","0.010636","-0.050319","0.023819","0.016573","-0.064634","0.11771","0.0088944","-0.00049783","-0.084928","-0.011802","0.025531","-0.045757","0.089337","0.0082127","-0.044074","0.053026","0.32871","-0.042363","-0.083974","0.12142","0.097311","0.14775","0.14086","-0.15952","0.23228","-0.2603","0.28613","0.014189","0.060878","-0.059384","-0.037558","0.042973"
