"1.csv","10.csv","11.csv","12.csv","13.csv","14.csv","15.csv","16.csv","17.csv","18.csv","19.csv","2.csv","20.csv","21.csv","22.csv","23.csv","24.csv","25.csv","26.csv","27.csv","28.csv","29.csv","3.csv","30.csv","31.csv","32.csv","33.csv","34.csv","35.csv","36.csv","37.csv","38.csv","39.csv","4.csv","40.csv","41.csv","42.csv","43.csv","44.csv","45.csv","46.csv","47.csv","48.csv","49.csv","5.csv","50.csv","51.csv","52.csv","53.csv","54.csv","55.csv","56.csv","57.csv","58.csv","59.csv","6.csv","60.csv","7.csv","8.csv","9.csv"
"0.2073","0.046577","0.16953","0.0047051","0.10103","0.13871","0.044145","0.11397","0.16755","0.19254","0.21032","0.18817","0.0283","-0.0058775","-0.033332","-0.16474","-0.075784","-0.043414","0.13672","-0.049511","-0.071665","-0.043885","0.14973","-0.16587","-0.099492","0.18992","0.17282","0.13171","0.13029","0.16896","0.17998","0.17679","0.037498","0.068977","0.16511","0.17342","0.15297","0.1527","0.17681","0.096162","0.075587","0.11616","0.12724","0.19864","0.062538","0.16964","0.042828","-0.037025","-0.12062","-0.18663","-0.10074","-0.035505","0.041191","-0.15937","-0.030222","0.076324","0.0037568","0.12284","0.1362","0.17311"
"-0.016351","0.20037","-0.076909","0.15199","0.091911","0.072442","-0.091176","-0.0032951","0.085812","0.066357","0.034467","-0.042048","0.12658","0.15006","-0.06023","0.14251","0.19787","0.091929","0.090549","0.21619","0.044047","0.26413","0.081267","0.22051","0.24548","0.065781","-0.028746","0.039822","0.13981","0.082091","0.077735","0.049746","0.12436","0.061646","-0.016897","0.024682","-0.015183","0.035902","0.027506","0.11684","0.013913","0.13165","0.045661","0.021299","0.19199","-0.053226","0.24838","0.14622","0.17022","0.19696","0.2251","0.13115","0.23289","0.068311","0.2281","0.04584","0.24215","0.06199","0.1","-0.00063888"
"0.014828","-0.058817","-0.082317","0.10309","-0.0050193","0.0038751","-0.13448","0.12764","-0.076922","0.025087","-0.08064","0.1566","-0.13481","-0.22733","0.28953","0.12458","0.16848","0.25561","-0.00066162","0.087007","0.26023","-0.099347","0.10952","0.14945","0.10486","-0.097799","0.056218","0.068425","-0.077085","-0.026615","0.019362","0.027565","-0.028568","0.12817","0.19463","0.070722","-0.026983","0.076756","0.094364","0.063139","0.13649","-0.013136","0.19282","0.034214","-0.14903","0.15775","-0.18733","-0.10111","0.21657","0.034685","0.087228","0.16121","-0.14554","0.22409","-0.17976","0.1528","-0.13373","0.072312","-0.0066746","0.16492"
