"1.csv","10.csv","11.csv","12.csv","13.csv","14.csv","15.csv","16.csv","17.csv","18.csv","19.csv","2.csv","20.csv","21.csv","22.csv","23.csv","24.csv","25.csv","26.csv","27.csv","28.csv","29.csv","3.csv","30.csv","31.csv","32.csv","33.csv","34.csv","35.csv","36.csv","37.csv","38.csv","39.csv","4.csv","40.csv","41.csv","42.csv","43.csv","44.csv","45.csv","46.csv","47.csv","48.csv","49.csv","5.csv","50.csv","51.csv","52.csv","53.csv","54.csv","55.csv","56.csv","57.csv","58.csv","59.csv","6.csv","60.csv","7.csv","8.csv","9.csv"
"0.20754","0.092203","0.1715","0.050711","0.10474","0.098788","0.017965","0.14025","0.12772","0.17208","0.18609","0.21981","0.025959","0.028528","-0.036214","-0.10162","-0.049658","-0.069941","0.14019","-0.032696","-0.080992","-0.035577","0.17489","-0.13145","-0.066901","0.17501","0.18683","0.15177","0.14256","0.12227","0.16625","0.17625","0.054978","0.12237","0.19414","0.16728","0.12347","0.1445","0.1829","0.043929","0.13282","0.15467","0.14344","0.20885","0.11072","0.19855","0.060518","-0.042537","-0.062912","-0.15721","-0.097867","-0.046862","0.070205","-0.13591","-0.013667","0.12874","0.013483","0.11816","0.11588","0.19151"
"-0.047026","0.15596","-0.13976","0.092573","0.1108","0.14931","-0.03408","-0.038541","0.1291","0.095484","0.068249","-0.11129","0.15041","0.12081","0.05985","0.14988","0.2292","0.15299","0.087085","0.19393","0.1504","0.24655","0.064978","0.23526","0.23801","0.013564","-0.051763","0.0031915","0.12114","0.13121","0.10863","0.04558","0.14426","0.038141","-0.015665","0.052678","0.028737","0.059096","0.032594","0.19504","-0.0094126","0.08769","0.036761","0.0001679","0.06901","-0.074943","0.20799","0.098544","0.16255","0.203","0.21047","0.20936","0.17254","0.15232","0.14443","0.022991","0.2059","0.068523","0.11682","-0.024836"
"-0.013793","0.00074243","-0.051325","0.085259","0.053615","-0.1318","-0.13172","0.1373","-0.18822","-0.031265","-0.086284","0.14421","-0.083229","-0.13218","0.24621","0.17189","0.13298","0.1718","-0.041833","-0.011127","0.15631","-0.098048","0.10929","0.1261","0.081446","-0.19539","0.063122","0.091163","-0.054454","-0.13433","-0.027939","-0.062921","-0.0059249","0.21146","0.16585","-0.0031817","-0.061318","0.011971","0.10183","-0.068764","0.22606","0.090547","0.15996","-0.016265","-0.10992","0.19476","-0.18557","-0.030323","0.2455","0.008423","-0.0018877","0.10919","-0.1013","0.26773","-0.17282","0.23576","-0.11175","-0.041659","-0.11627","0.17671"
