"1.csv","10.csv","11.csv","12.csv","13.csv","14.csv","15.csv","16.csv","17.csv","18.csv","19.csv","2.csv","20.csv","21.csv","22.csv","23.csv","24.csv","25.csv","26.csv","27.csv","28.csv","29.csv","3.csv","30.csv","31.csv","32.csv","33.csv","34.csv","35.csv","36.csv","37.csv","38.csv","39.csv","4.csv","40.csv","41.csv","42.csv","43.csv","44.csv","45.csv","46.csv","47.csv","48.csv","49.csv","5.csv","50.csv","51.csv","52.csv","53.csv","54.csv","55.csv","56.csv","57.csv","58.csv","59.csv","6.csv","60.csv","7.csv","8.csv","9.csv"
"0.19064","0.083646","0.17934","0.015659","0.095437","0.063478","-0.014073","0.14631","0.093121","0.15657","0.15111","0.24894","-0.020124","-0.011147","-0.073978","-0.10723","-0.071083","-0.10147","0.14855","-0.06017","-0.13465","-0.053127","0.18523","-0.14014","-0.077526","0.14547","0.17859","0.16197","0.14966","0.091631","0.1281","0.15295","0.03187","0.12804","0.18705","0.1355","0.1105","0.13436","0.18839","0.011339","0.14146","0.1592","0.1322","0.20406","0.094503","0.20786","0.040159","-0.092758","-0.064799","-0.2131","-0.1152","-0.057121","0.075412","-0.17024","-0.06123","0.13675","-0.0044264","0.093896","0.075517","0.20226"
"-0.0074434","0.16841","-0.10298","0.12533","0.079988","0.13821","-0.039114","0.016414","0.14652","0.11348","0.1038","-0.10036","0.12968","0.10711","0.030069","0.13811","0.22111","0.16875","0.091445","0.21809","0.14923","0.22955","0.08605","0.21073","0.2429","0.077871","-0.023285","0.047308","0.11425","0.14601","0.15181","0.089913","0.099514","0.010825","0.041009","0.10093","0.014323","0.094019","0.07471","0.19882","0.0019927","0.081753","0.054024","0.04465","0.11919","-0.056545","0.19447","0.0621","0.14582","0.20908","0.20334","0.17444","0.16373","0.10001","0.16153","0.013282","0.20991","0.06536","0.1612","-0.014858"
"-0.14775","0.016626","0.20505","0.06587","-0.14449","-0.06534","-0.13166","0.15899","0.0071473","0.093475","-0.033645","-0.048418","-0.13738","-0.070972","-0.2263","-0.17217","-0.063367","0.011424","-0.053342","0.14424","-0.051414","-0.016163","-0.02979","-0.031992","-0.029584","0.14581","-0.18587","0.12089","0.078452","0.12894","-0.023657","-0.052273","-0.16302","-0.25018","-0.11277","0.2096","0.083393","0.12224","-0.074243","0.055229","-0.23018","-0.16988","-0.064535","0.22576","0.26852","-0.2206","0.027197","-0.058828","-0.12348","0.050503","0.1283","-0.11076","-0.037003","-0.25197","0.082483","-0.24085","0.010958","-0.012204","0.017705","-0.041762"
