"1.csv","10.csv","11.csv","12.csv","13.csv","14.csv","15.csv","16.csv","17.csv","18.csv","19.csv","2.csv","20.csv","21.csv","22.csv","23.csv","24.csv","25.csv","26.csv","27.csv","28.csv","29.csv","3.csv","30.csv","31.csv","32.csv","33.csv","34.csv","35.csv","36.csv","37.csv","38.csv","39.csv","4.csv","40.csv","41.csv","42.csv","43.csv","44.csv","45.csv","46.csv","47.csv","48.csv","49.csv","5.csv","50.csv","51.csv","52.csv","53.csv","54.csv","55.csv","56.csv","57.csv","58.csv","59.csv","6.csv","60.csv","7.csv","8.csv","9.csv"
"0.21987","-0.0046615","0.15243","-0.066897","0.1079","0.10147","-0.003809","0.11777","0.119","0.10154","0.10868","0.19069","0.048874","-0.067784","0.0081647","-0.092341","-0.087736","0.043187","0.13002","-0.13503","-0.038874","-0.020581","0.18802","-0.11694","-0.08552","0.17334","0.19593","0.16257","0.19492","0.15445","0.17495","0.16736","0.15716","0.11385","0.16251","0.12944","0.14842","0.079172","0.18167","0.042897","0.11321","0.16437","0.17382","0.15335","-0.028945","0.15115","0.012146","-0.088509","-0.1229","-0.13641","-0.15446","0.080081","0.013045","-0.0023608","-0.057407","0.21104","-0.16116","0.16525","0.13757","0.16786"
"0.0012601","0.24413","-0.13844","0.12591","0.026869","0.00094779","-0.014093","0.14769","0.01087","0.1976","0.11575","0.067221","-0.0013116","0.1518","0.11047","0.19897","0.11979","0.21432","0.091747","0.10401","0.17837","0.1465","0.045253","0.25658","0.27864","-0.13073","0.087768","0.054447","-0.018687","0.030107","0.091632","0.044138","-0.011869","0.046814","0.15816","0.095162","0.11292","0.20133","0.065835","0.10882","-0.018081","0.059306","0.079433","0.075729","0.11645","0.031251","0.045678","0.18297","0.22435","0.20581","0.20369","0.1067","0.12569","0.036519","0.086172","-0.077893","0.23154","0.088415","0.092722","0.1224"
"-0.055582","-0.18747","-0.1124","-0.21685","0.029192","0.0081454","0.030973","0.034014","-0.10305","0.058194","0.0072446","0.0036884","0.2053","-0.10255","0.18766","-0.094883","0.15289","0.10954","0.012271","-0.1254","0.35032","0.060332","-0.027331","0.17638","0.042603","-0.099659","0.042715","-0.08982","-0.038489","-0.076809","-0.026829","-0.01747","0.018108","-0.18816","0.069653","0.073045","-0.012351","0.060004","-0.014177","0.067796","-0.084434","0.047337","0.069845","-0.066788","-0.31013","0.010694","0.01798","-0.14379","-0.082482","-0.031593","-0.032092","0.12932","-0.28311","0.38447","-0.31047","0.021476","-0.014603","0.030634","-0.075501","-0.030028"
