"1.csv","10.csv","11.csv","12.csv","13.csv","14.csv","15.csv","16.csv","17.csv","18.csv","19.csv","2.csv","20.csv","21.csv","22.csv","23.csv","24.csv","25.csv","26.csv","27.csv","28.csv","29.csv","3.csv","30.csv","31.csv","32.csv","33.csv","34.csv","35.csv","36.csv","37.csv","38.csv","39.csv","4.csv","40.csv","41.csv","42.csv","43.csv","44.csv","45.csv","46.csv","47.csv","48.csv","49.csv","5.csv","50.csv","51.csv","52.csv","53.csv","54.csv","55.csv","56.csv","57.csv","58.csv","59.csv","6.csv","60.csv","7.csv","8.csv","9.csv"
"0.20209","0.077083","0.18521","-0.0047866","0.12516","0.096054","0.025175","0.16911","0.10545","0.17333","0.12118","0.18885","-0.0099084","-0.02032","-0.021179","-0.083879","-0.059682","0.035324","0.077231","-0.10236","-0.035353","-0.015055","0.18409","-0.12375","0.0054019","0.17414","0.18073","0.17959","0.17101","0.12033","0.15587","0.1757","0.1032","0.13607","0.19509","0.15016","0.11394","0.15106","0.19128","0.065719","0.17607","0.18577","0.17713","0.17922","-0.0021561","0.18674","0.062558","-0.051996","-0.082689","-0.12157","-0.14188","0.028111","0.0013163","-0.064557","-0.070698","0.19766","-0.094461","0.13379","0.11386","0.17784"
"-0.02051","0.16087","0.037402","0.32484","-0.017957","-0.076605","-0.16679","0.051318","-0.0041378","0.019704","0.010645","0.0067119","-0.18691","0.078001","-0.21494","0.02907","-0.24258","-0.060802","0.0060913","0.23109","-0.28622","-0.16596","0.015366","-0.21327","0.04968","0.031294","-0.033535","0.093408","-0.012143","-0.037989","0.017197","-0.012052","-0.084728","0.050669","0.0032404","-0.021051","-0.072015","0.0085747","0.027688","0.0020246","0.025863","-0.004178","-0.023662","0.075012","0.3491","-0.045212","-0.09135","0.092161","0.065567","0.12383","0.14545","-0.15231","0.21761","-0.30975","0.28114","0.010414","0.029001","-0.049173","0.0018615","0.038329"
"0.0062034","0.12155","-0.025477","-0.044","0.045451","0.25037","0.17965","-0.086035","0.2618","0.077631","0.22446","-0.084042","0.10059","0.12331","-0.09472","0.029914","0.038002","-0.092817","0.16195","0.079632","-0.0044288","0.31046","-0.045194","0.15307","0.17969","0.10098","-0.013783","-0.091424","0.04103","0.17322","0.10331","0.074781","0.12565","-0.1651","-0.066312","0.062287","0.18568","0.022675","0.0047369","0.21943","-0.12578","-0.095779","-0.07238","-0.020542","0.085023","-0.083306","0.13333","0.082831","0.043349","0.031862","0.096388","0.041487","0.2657","-0.010367","0.1291","-0.13231","0.27625","0.080719","0.19745","-0.054118"
