"1.csv","10.csv","11.csv","12.csv","13.csv","14.csv","15.csv","16.csv","17.csv","18.csv","19.csv","2.csv","20.csv","21.csv","22.csv","23.csv","24.csv","25.csv","26.csv","27.csv","28.csv","29.csv","3.csv","30.csv","31.csv","32.csv","33.csv","34.csv","35.csv","36.csv","37.csv","38.csv","39.csv","4.csv","40.csv","41.csv","42.csv","43.csv","44.csv","45.csv","46.csv","47.csv","48.csv","49.csv","5.csv","50.csv","51.csv","52.csv","53.csv","54.csv","55.csv","56.csv","57.csv","58.csv","59.csv","6.csv","60.csv","7.csv","8.csv","9.csv"
"0.20492","0.08934","0.176","0.040341","0.11013","0.10005","0.019187","0.14108","0.13062","0.1785","0.18747","0.22147","0.017275","0.023431","-0.036874","-0.10558","-0.045407","-0.067625","0.14117","-0.032565","-0.080462","-0.04044","0.17794","-0.12467","-0.072778","0.16878","0.18609","0.15181","0.14216","0.13276","0.16243","0.17558","0.047233","0.12019","0.19533","0.16592","0.1301","0.14757","0.18489","0.051307","0.12822","0.15344","0.13927","0.21095","0.11301","0.19502","0.055996","-0.04281","-0.065014","-0.15656","-0.093176","-0.041779","0.068787","-0.13363","-0.020602","0.12437","0.0096728","0.11541","0.11535","0.19288"
"-0.053875","0.15795","-0.13162","0.089809","0.10029","0.15484","-0.039217","-0.042905","0.1395","0.099619","0.073207","-0.12496","0.15317","0.13205","0.041772","0.13643","0.2084","0.14057","0.083907","0.2008","0.14179","0.24814","0.051323","0.21983","0.23233","0.073403","-0.069383","0.001267","0.12911","0.14791","0.11139","0.057168","0.13592","-0.0028005","-0.036765","0.067479","0.037533","0.069427","0.028175","0.19884","-0.05084","0.064357","0.022804","0.016274","0.090674","-0.1089","0.22006","0.092999","0.13571","0.20786","0.21764","0.19174","0.17359","0.1141","0.1526","-0.013847","0.2064","0.072287","0.13788","-0.03619"
"-0.026359","0.017403","-0.064287","0.11438","0.064479","-0.10491","-0.15931","0.12439","-0.16094","-0.020986","-0.10375","0.1353","-0.10191","-0.14716","0.23506","0.18003","0.17608","0.18669","-0.040524","0.038926","0.16474","-0.078984","0.10576","0.16161","0.11417","-0.18729","0.048079","0.084003","-0.044021","-0.093164","-0.01359","-0.056985","0.013512","0.20671","0.16862","0.016841","-0.065937","0.021768","0.088763","-0.028664","0.22838","0.091107","0.17185","-0.0052993","-0.086978","0.194","-0.16094","-0.033614","0.26395","0.025307","0.037616","0.12395","-0.096736","0.26191","-0.1704","0.23306","-0.10699","-0.031701","-0.08057","0.15709"
